LoanID,CopyNo,ISBN,MemberID,CheckedOutDate,DueDate,ReturnedDate
1,62,189137654-3,772,2017-08-30,2017-09-13,2017-09-21
2,20,795133603-3,359,2015-08-28,2015-09-11,2016-08-23
3,726,800886928-3,264,2017-05-25,2017-06-08,2017-10-01
4,193,450093587-8,169,2015-03-06,2015-03-20,2015-10-17
5,598,672024777-8,148,2017-07-10,2017-07-24,2017-10-12
6,667,048799995-9,75,2015-10-31,2015-11-14,2015-11-02
7,677,239172501-9,364,2017-05-16,2017-05-30,2017-09-28
8,973,580170209-1,554,2017-03-23,2017-04-06,2017-04-11
9,381,753172254-2,364,2016-01-20,2016-02-03,2017-08-13
10,796,319387891-X,848,2016-02-29,2016-03-14,2016-06-04
11,735,704389432-8,893,2016-08-01,2016-08-15,2016-08-05
12,644,443002161-9,210,2015-07-07,2015-07-21,2016-05-31
13,466,129425237-2,3,2016-04-14,2016-04-28,2017-08-21
14,328,019046884-X,29,2015-12-22,2016-01-05,2016-12-13
15,297,487000051-2,696,2016-02-04,2016-02-18,2017-02-26
16,295,824243827-7,791,2014-12-10,2014-12-24,2014-12-25
17,982,815363079-2,599,2017-09-07,2017-09-21,2017-09-20
18,227,031763633-2,57,2015-01-21,2015-02-04,2017-02-09
19,584,576247234-5,868,2015-11-08,2015-11-22,2017-04-20
20,572,212875015-6,756,2017-05-10,2017-05-24,2017-10-15
21,847,972367116-6,370,2015-07-24,2015-08-07,2016-05-05
22,627,261040134-5,616,2015-09-22,2015-10-06,2017-07-20
23,412,211602736-5,959,2014-12-30,2015-01-13,2015-04-14
24,336,810146150-7,223,2016-05-24,2016-06-07,2017-06-09
25,207,807969766-3,897,2015-02-16,2015-03-02,2015-09-21
26,101,731818702-3,649,2016-04-07,2016-04-21,2017-11-06
27,917,111431614-8,201,2016-01-29,2016-02-12,2017-05-20
28,930,203645703-7,360,2017-04-03,2017-04-17,2017-06-08
29,854,801797273-3,235,2017-01-07,2017-01-21,2017-09-27
30,592,152276604-9,373,2015-07-31,2015-08-14,2017-01-07
31,873,178536734-X,768,2017-06-21,2017-07-05,2017-07-06
32,735,603126700-4,560,2017-06-27,2017-07-11,2017-11-14
33,490,162868995-1,341,2016-02-03,2016-02-17,2016-03-29
34,168,420301809-9,618,2015-12-24,2016-01-07,2017-03-13
35,188,620629417-X,804,2016-01-17,2016-01-31,2016-06-08
36,494,453911010-1,215,2015-08-21,2015-09-04,2016-03-21
37,683,797708860-6,255,2016-08-06,2016-08-20,2017-03-01
38,692,953094946-4,375,2016-10-18,2016-11-01,2017-04-30
39,344,123071573-8,292,2014-12-17,2014-12-31,2016-12-05
40,926,229489785-4,107,2015-01-02,2015-01-16,2015-12-31
41,90,182437680-4,4,2015-08-11,2015-08-25,2017-04-28
42,636,022796086-6,293,2016-01-31,2016-02-14,2017-04-24
43,594,980292549-7,718,2016-07-06,2016-07-20,2017-03-05
44,486,212988914-X,321,2017-08-24,2017-09-07,2017-11-04
45,75,112241472-2,358,2017-07-21,2017-08-04,2017-10-13
46,842,983847909-8,438,2015-03-13,2015-03-27,2015-11-16
47,198,467682401-7,94,2016-10-16,2016-10-30,2017-01-29
48,968,324384987-X,640,2017-10-03,2017-10-17,2017-11-01
49,765,759662538-X,962,2016-06-22,2016-07-06,2016-11-24
50,49,381023684-5,533,2016-05-29,2016-06-12,2017-06-28
51,925,570670294-2,66,2016-05-05,2016-05-19,2016-11-16
52,342,431582681-2,659,2017-09-02,2017-09-16,2017-10-09
53,907,109005199-9,458,2016-01-16,2016-01-30,2017-11-03
54,198,597364708-0,241,2016-10-30,2016-11-13,2017-04-04
55,362,215444470-9,20,2017-01-09,2017-01-23,2017-09-28
56,304,012097305-7,213,2017-02-18,2017-03-04,2017-05-18
57,304,529061288-2,205,2015-05-17,2015-05-31,2016-01-21
58,610,953202854-4,209,2016-04-07,2016-04-21,2017-10-13
59,941,319831980-3,232,2015-01-13,2015-01-27,2017-07-05
60,709,670741237-X,47,2017-03-21,2017-04-04,2017-10-29
61,654,893913394-3,917,2017-04-01,2017-04-15,2017-08-01
62,436,140910618-7,767,2015-06-17,2015-07-01,2015-08-11
63,10,022715337-5,157,2016-02-17,2016-03-02,2017-10-26
64,290,099376656-0,29,2015-07-04,2015-07-18,2016-10-25
65,549,046213661-2,670,2015-01-22,2015-02-05,2016-01-17
66,725,694050782-5,184,2015-09-23,2015-10-07,2016-11-03
67,856,360512828-9,28,2015-08-23,2015-09-06,2016-12-22
68,144,345476545-5,164,2017-02-25,2017-03-11,2017-08-28
69,657,270233013-4,196,2014-11-21,2014-12-05,2015-11-15
70,59,233884214-6,891,2016-04-10,2016-04-24,2017-09-18
71,80,635126375-1,817,2016-04-11,2016-04-25,2017-07-24
72,974,736045462-X,871,2017-06-19,2017-07-03,2017-10-09
73,241,640020187-4,998,2015-06-17,2015-07-01,2015-07-16
74,632,275850472-3,136,2015-07-29,2015-08-12,2017-06-08
75,311,160984316-9,837,2017-04-09,2017-04-23,2017-09-27
76,335,855138753-7,983,2015-01-25,2015-02-08,2016-07-29
77,416,181523647-7,103,2016-05-28,2016-06-11,2017-04-11
78,94,961994339-2,565,2016-02-10,2016-02-24,2016-11-07
79,268,345163712-X,57,2016-09-01,2016-09-15,2017-02-01
80,463,835960152-6,559,2015-12-11,2015-12-25,2016-08-10
81,282,625007286-1,94,2014-12-12,2014-12-26,2017-08-07
82,859,500157314-9,18,2015-01-14,2015-01-28,2015-10-03
83,365,177512981-0,504,2016-12-24,2017-01-07,2017-07-16
84,571,540500090-6,472,2016-07-08,2016-07-22,2017-02-16
85,898,246689349-5,342,2016-01-24,2016-02-07,2017-05-08
86,192,435531534-7,674,2016-12-26,2017-01-09,2017-06-22
87,29,729559367-5,172,2016-09-09,2016-09-23,2017-04-08
88,950,658136976-4,385,2016-08-14,2016-08-28,2017-04-11
89,643,068611556-2,791,2015-02-26,2015-03-12,2016-12-19
90,704,523368572-8,412,2017-04-15,2017-04-29,2017-10-14
91,723,711151592-7,823,2016-03-27,2016-04-10,2016-06-07
92,472,586721266-1,523,2017-04-13,2017-04-27,2017-08-01
93,476,376102372-3,935,2017-08-11,2017-08-25,2017-08-29
94,736,365469073-4,858,2015-08-16,2015-08-30,2016-06-24
95,544,485390491-3,797,2016-09-13,2016-09-27,2017-07-26
96,980,462166191-4,647,2015-08-20,2015-09-03,2017-05-29
97,983,013816590-4,307,2016-03-04,2016-03-18,2016-12-01
98,129,294882836-8,419,2017-03-24,2017-04-07,2017-06-06
99,480,486703795-8,403,2014-11-21,2014-12-05,2016-07-20
100,820,265209409-2,946,2015-12-27,2016-01-10,2016-01-27
101,672,187664733-7,518,2016-10-06,2016-10-20,2017-02-25
102,162,927728377-7,830,2015-06-08,2015-06-22,2017-06-01
103,42,318889752-9,724,2016-04-03,2016-04-17,2017-05-14
104,932,040893752-1,997,2016-11-30,2016-12-14,2017-03-11
105,98,262041506-3,599,2016-05-29,2016-06-12,2017-05-05
106,190,323390237-9,339,2015-02-10,2015-02-24,2016-09-16
107,963,051200820-5,326,2015-02-16,2015-03-02,2017-08-08
108,664,099868975-0,57,2017-04-10,2017-04-24,2017-04-11
109,981,538837946-9,396,2017-10-21,2017-11-04,2017-10-26
110,355,392834556-7,636,2015-01-16,2015-01-30,2016-08-08
111,907,694447982-6,816,2017-01-22,2017-02-05,2017-08-02
112,472,638340698-1,597,2016-01-15,2016-01-29,2016-10-02
113,147,066006477-4,712,2016-09-24,2016-10-08,2017-10-20
114,714,448022112-3,631,2016-04-27,2016-05-11,2017-04-14
115,483,421025229-8,912,2015-03-17,2015-03-31,2017-03-14
116,670,147676770-X,853,2017-09-05,2017-09-19,2017-10-22
117,628,177398493-4,561,2016-07-01,2016-07-15,2017-10-24
118,667,547355005-3,775,2015-06-21,2015-07-05,2016-02-11
119,961,039997881-X,770,2017-09-17,2017-10-01,2017-10-14
120,658,644966940-3,45,2017-07-16,2017-07-30,2017-07-30
121,920,553170129-2,370,2015-01-03,2015-01-17,2017-04-03
122,487,998995914-5,126,2015-04-22,2015-05-06,2017-01-21
123,522,400933902-0,298,2016-05-19,2016-06-02,2017-08-13
124,581,151779710-1,571,2017-11-05,2017-11-19,2017-11-06
125,176,578869028-5,207,2017-08-16,2017-08-30,2017-09-23
126,475,460912264-2,515,2015-02-24,2015-03-10,2015-09-03
127,997,685932456-2,260,2015-06-10,2015-06-24,2017-05-08
128,110,789422530-4,552,2017-03-16,2017-03-30,2017-10-15
129,650,314170831-2,434,2015-09-24,2015-10-08,2015-10-04
130,226,899039779-0,187,2015-09-15,2015-09-29,2017-10-03
131,309,462718052-7,579,2017-02-14,2017-02-28,2017-02-17
132,714,767373722-1,931,2017-04-05,2017-04-19,2017-09-14
133,183,934331689-5,68,2017-04-09,2017-04-23,2017-07-26
134,251,020170219-3,142,2017-05-21,2017-06-04,2017-08-06
135,842,751966904-1,458,2015-03-03,2015-03-17,2015-10-03
136,204,462698415-0,321,2015-08-05,2015-08-19,2016-01-29
137,757,209299555-3,47,2015-07-20,2015-08-03,2016-11-02
138,611,049587236-9,157,2014-12-01,2014-12-15,2016-10-18
139,140,582887389-X,66,2017-02-12,2017-02-26,2017-07-30
140,828,883764018-8,627,2015-02-14,2015-02-28,2017-04-28
141,612,953889957-1,149,2015-03-30,2015-04-13,2016-12-05
142,985,013393765-8,103,2015-01-28,2015-02-11,2016-10-20
143,975,581954292-4,274,2016-04-05,2016-04-19,2017-06-15
144,482,287025366-4,570,2015-08-31,2015-09-14,2016-01-11
145,361,358709597-3,237,2016-03-22,2016-04-05,2017-11-16
146,771,163663527-X,356,2017-08-03,2017-08-17,2017-08-15
147,530,269968715-4,725,2016-09-05,2016-09-19,2016-12-01
148,147,963758789-6,291,2016-10-25,2016-11-08,2017-04-22
149,349,576340703-2,825,2016-09-21,2016-10-05,2017-09-15
150,986,986557909-X,743,2015-04-09,2015-04-23,2016-10-12
151,263,905578945-3,522,2015-10-31,2015-11-14,2016-03-28
152,953,164026771-9,181,2016-05-11,2016-05-25,2016-07-30
153,842,265868969-1,711,2017-01-30,2017-02-13,2017-02-10
154,378,381785725-X,613,2015-07-19,2015-08-02,2016-03-12
155,203,601968812-7,755,2016-02-09,2016-02-23,2016-05-31
156,660,355639755-2,239,2017-07-23,2017-08-06,2017-08-08
157,224,216724192-5,1000,2016-04-25,2016-05-09,2017-01-21
158,160,225991352-0,753,2017-01-03,2017-01-17,2017-02-16
159,76,653277749-8,40,2016-10-27,2016-11-10,2016-12-14
160,980,642550697-0,551,2015-10-22,2015-11-05,2017-02-25
161,186,381544838-7,853,2015-03-05,2015-03-19,2015-05-03
162,973,270745285-8,53,2016-05-11,2016-05-25,2017-01-22
163,155,497860543-1,396,2016-04-20,2016-05-04,2016-08-04
164,12,672725699-3,98,2016-10-07,2016-10-21,2017-06-23
165,211,425798493-7,446,2016-08-02,2016-08-16,2016-10-20
166,685,486193358-7,667,2017-09-30,2017-10-14,2017-10-28
167,209,794221990-9,266,2015-11-08,2015-11-22,2016-01-20
168,552,634646634-8,682,2017-10-26,2017-11-09,2017-11-03
169,780,188020697-8,143,2016-01-26,2016-02-09,2016-04-28
170,432,904082333-2,657,2015-06-08,2015-06-22,2017-04-26
171,164,173082421-8,127,2016-08-21,2016-09-04,2017-07-31
172,811,518713154-0,424,2017-05-30,2017-06-13,2017-07-07
173,59,164783429-5,764,2017-07-03,2017-07-17,2017-10-25
174,292,820113257-2,637,2015-07-31,2015-08-14,2016-04-24
175,733,609081660-4,966,2017-04-25,2017-05-09,2017-05-16
176,438,536011623-4,50,2017-06-14,2017-06-28,2017-10-29
177,110,767476442-7,89,2015-09-21,2015-10-05,2017-08-01
178,531,802579790-2,890,2016-02-07,2016-02-21,2017-06-01
179,812,832780137-6,110,2016-03-20,2016-04-03,2016-07-08
180,317,613891570-4,75,2015-04-29,2015-05-13,2016-02-15
181,626,653139247-9,777,2015-05-14,2015-05-28,2016-08-17
182,980,748702037-1,55,2014-12-17,2014-12-31,2015-09-29
183,262,643129142-5,392,2016-11-22,2016-12-06,2017-02-20
184,618,793623171-4,564,2015-06-05,2015-06-19,2017-08-10
185,581,335395935-1,268,2015-09-07,2015-09-21,2015-11-19
186,536,928507115-5,164,2017-10-14,2017-10-28,2017-10-25
187,522,321491669-6,31,2015-05-10,2015-05-24,2016-05-22
188,584,023562162-5,124,2015-07-09,2015-07-23,2017-10-05
189,504,561148338-0,490,2017-07-23,2017-08-06,2017-10-29
190,254,336330382-3,380,2016-02-11,2016-02-25,2016-08-21
191,189,556585517-9,215,2016-11-17,2016-12-01,2017-03-25
192,438,148705315-0,590,2016-01-29,2016-02-12,2016-07-21
193,18,468458129-2,484,2017-02-01,2017-02-15,2017-04-14
194,71,033881372-1,784,2015-10-09,2015-10-23,2016-01-14
195,348,516061039-1,122,2015-06-25,2015-07-09,2016-05-16
196,447,340538099-5,148,2016-12-13,2016-12-27,2017-01-23
197,787,738984902-9,919,2015-06-18,2015-07-02,2015-08-07
198,15,018564140-7,157,2016-11-24,2016-12-08,2017-07-20
199,705,009550303-X,906,2015-09-01,2015-09-15,2017-11-08
200,473,610673571-9,589,2015-10-07,2015-10-21,2016-01-30
201,239,225371950-1,94,2015-08-02,2015-08-16,2017-09-24
202,33,077227517-3,502,2016-06-06,2016-06-20,2017-03-12
203,383,376584653-8,258,2016-05-04,2016-05-18,2016-11-15
204,60,777143190-9,609,2016-01-26,2016-02-09,2016-03-22
205,498,891791659-7,616,2017-02-19,2017-03-05,2017-08-12
206,68,303277228-1,18,2017-11-07,2017-11-21,2017-11-07
207,232,701206655-5,699,2017-08-26,2017-09-09,2017-10-20
208,779,822805158-1,129,2017-02-09,2017-02-23,2017-02-14
209,596,923228827-3,884,2017-04-04,2017-04-18,2017-04-25
210,713,229774994-5,580,2017-06-11,2017-06-25,2017-07-05
211,845,856437305-X,943,2017-05-15,2017-05-29,2017-05-19
212,221,241197345-4,331,2015-01-22,2015-02-05,2015-11-28
213,986,779664295-4,967,2017-04-20,2017-05-04,2017-05-14
214,429,433142015-9,957,2015-01-30,2015-02-13,2016-06-30
215,309,011135819-1,658,2017-10-04,2017-10-18,2017-11-08
216,897,950283033-4,408,2015-11-04,2015-11-18,2017-11-09
217,459,334865445-9,324,2015-05-27,2015-06-10,2016-05-22
218,379,964825913-5,710,2017-03-14,2017-03-28,2017-07-27
219,711,556925240-1,288,2017-10-12,2017-10-26,2017-10-24
220,265,014542828-1,581,2015-06-01,2015-06-15,2017-10-13
221,704,960864289-2,385,2016-07-22,2016-08-05,2017-07-09
222,605,335338741-2,499,2015-08-08,2015-08-22,2017-10-22
223,96,083409725-7,15,2016-12-07,2016-12-21,2017-10-22
224,570,707483613-3,116,2015-08-12,2015-08-26,2016-08-11
225,578,844210716-9,546,2016-11-11,2016-11-25,2017-02-18
226,879,064065889-X,17,2017-07-20,2017-08-03,2017-09-01
227,627,107941486-X,134,2015-12-16,2015-12-30,2016-10-23
228,463,048067978-9,906,2017-03-14,2017-03-28,2017-09-06
229,620,139290242-8,821,2015-07-06,2015-07-20,2015-07-11
230,245,874010376-5,274,2017-03-11,2017-03-25,2017-05-15
231,488,101833665-6,601,2015-10-12,2015-10-26,2017-05-16
232,471,671275354-6,109,2016-06-17,2016-07-01,2016-10-27
233,129,772626880-8,850,2015-12-06,2015-12-20,2017-06-19
234,333,853988946-3,341,2015-03-17,2015-03-31,2017-03-20
235,675,420047784-X,249,2016-03-19,2016-04-02,2016-08-11
236,893,755785169-2,644,2016-12-18,2017-01-01,2017-07-16
237,509,727264908-9,553,2015-11-24,2015-12-08,2016-03-12
238,980,828914806-2,402,2015-12-04,2015-12-18,2015-12-18
239,63,536121824-3,113,2015-02-03,2015-02-17,2016-12-14
240,201,317222265-9,666,2017-05-22,2017-06-05,2017-07-12
241,179,680217104-X,453,2014-12-23,2015-01-06,2016-06-08
242,673,936259334-3,309,2014-11-21,2014-12-05,2017-01-05
243,792,906420111-0,499,2017-10-31,2017-11-14,2017-11-12
244,114,230449325-4,145,2017-11-06,2017-11-20,2017-11-14
245,860,145871699-6,593,2017-08-13,2017-08-27,2017-11-16
246,357,298584295-6,475,2015-01-06,2015-01-20,2016-11-18
247,384,504359263-X,365,2015-10-09,2015-10-23,2017-03-20
248,67,891085802-8,367,2016-10-27,2016-11-10,2017-05-09
249,220,816248621-6,630,2016-09-03,2016-09-17,2017-08-21
250,424,224252982-X,269,2017-06-20,2017-07-04,2017-07-15
251,770,193402297-7,315,2017-05-30,2017-06-13,2017-10-27
252,244,684828047-X,551,2017-07-11,2017-07-25,2017-07-27
253,98,144437858-9,216,2016-11-23,2016-12-07,2017-03-24
254,579,372371010-7,360,2015-03-29,2015-04-12,2015-06-22
255,268,527438147-2,758,2015-08-20,2015-09-03,2016-03-15
256,176,573964985-4,996,2016-05-14,2016-05-28,2017-03-10
257,224,505131879-7,937,2017-03-17,2017-03-31,2017-11-02
258,644,047748981-8,799,2017-08-02,2017-08-16,2017-10-16
259,180,214055377-2,971,2016-04-16,2016-04-30,2017-11-10
260,856,391780378-X,305,2017-07-30,2017-08-13,2017-10-17
261,712,852152176-6,648,2015-03-25,2015-04-08,2015-11-06
262,927,101173830-9,8,2017-02-15,2017-03-01,2017-04-30
263,787,300061538-5,706,2017-01-08,2017-01-22,2017-11-06
264,69,682109843-3,376,2015-12-04,2015-12-18,2016-01-16
265,921,596295123-9,474,2016-01-15,2016-01-29,2016-12-15
266,747,264988162-3,457,2016-05-14,2016-05-28,2016-10-10
267,853,077426699-6,308,2017-10-25,2017-11-08,2017-11-16
268,938,691117790-1,345,2017-08-24,2017-09-07,2017-11-06
269,55,154353952-1,634,2017-06-08,2017-06-22,2017-06-18
270,287,055471655-0,623,2016-06-14,2016-06-28,2017-09-26
271,917,893281131-8,309,2016-01-18,2016-02-01,2016-04-21
272,354,826332543-9,955,2016-06-15,2016-06-29,2016-10-26
273,772,806869962-7,529,2016-01-01,2016-01-15,2017-11-16
274,229,662235100-7,70,2015-03-31,2015-04-14,2015-12-08
275,344,956560766-7,159,2016-08-05,2016-08-19,2017-02-17
276,920,007819031-2,821,2015-07-04,2015-07-18,2016-07-07
277,118,858044022-X,483,2016-12-25,2017-01-08,2017-05-12
278,990,009293364-5,191,2015-02-12,2015-02-26,2017-01-26
279,732,854367566-9,764,2016-07-24,2016-08-07,2017-04-18
280,230,992060011-3,196,2015-03-20,2015-04-03,2016-04-03
281,882,107505172-X,460,2015-05-25,2015-06-08,2017-01-29
282,250,257832875-7,475,2017-04-03,2017-04-17,2017-08-03
283,806,043918489-4,304,2017-09-08,2017-09-22,2017-10-11
284,289,104330610-2,135,2015-11-06,2015-11-20,2017-01-29
285,446,696572590-7,488,2016-01-13,2016-01-27,2016-04-26
286,118,927204964-4,835,2015-07-04,2015-07-18,2017-04-23
287,72,362758252-7,413,2016-01-28,2016-02-11,2016-02-05
288,205,770470070-7,613,2017-05-14,2017-05-28,2017-07-18
289,229,605768438-9,968,2016-03-15,2016-03-29,2016-08-28
290,680,401157021-4,550,2015-12-24,2016-01-07,2016-05-14
291,410,437197742-1,808,2014-12-30,2015-01-13,2015-06-14
292,717,473121408-4,497,2016-05-27,2016-06-10,2017-03-13
293,855,439401658-4,208,2016-06-26,2016-07-10,2017-02-20
294,293,756666006-3,118,2017-07-01,2017-07-15,2017-09-22
295,316,930126287-8,946,2015-05-28,2015-06-11,2016-05-27
296,814,310563909-8,289,2014-12-07,2014-12-21,2015-04-08
297,156,288709172-7,532,2016-07-04,2016-07-18,2017-08-30
298,330,717409602-6,151,2015-10-08,2015-10-22,2017-05-21
299,746,266667389-8,915,2014-12-30,2015-01-13,2016-09-05
300,523,798612828-3,983,2016-03-15,2016-03-29,2016-04-06
301,850,457220975-8,787,2017-10-19,2017-11-02,2017-11-03
302,784,682583188-7,1,2017-02-25,2017-03-11,2017-08-07
303,522,981222515-3,90,2015-04-11,2015-04-25,2017-10-23
304,641,968781087-4,930,2017-07-07,2017-07-21,2017-07-08
305,866,406308938-X,881,2014-11-18,2014-12-02,2016-02-11
306,135,685334562-2,731,2016-09-22,2016-10-06,2016-11-16
307,994,209524392-7,942,2015-12-19,2016-01-02,2017-05-20
308,486,707321575-5,600,2016-06-24,2016-07-08,2017-07-21
309,322,525910693-8,526,2015-02-24,2015-03-10,2015-08-31
310,372,905948499-1,911,2017-05-27,2017-06-10,2017-10-11
311,426,212308901-X,758,2015-02-27,2015-03-13,2017-11-02
312,916,167030029-3,538,2015-09-20,2015-10-04,2016-12-30
313,902,410916880-5,880,2017-02-21,2017-03-07,2017-05-13
314,396,342035760-5,206,2015-04-18,2015-05-02,2017-11-09
315,763,947792584-5,219,2015-10-25,2015-11-08,2016-05-07
316,971,568901524-5,567,2015-08-05,2015-08-19,2017-01-06
317,332,964341355-1,385,2017-08-05,2017-08-19,2017-08-20
318,474,946529463-2,318,2015-07-29,2015-08-12,2016-08-13
319,872,014898061-9,618,2015-11-17,2015-12-01,2017-04-04
320,486,486525624-5,283,2015-11-03,2015-11-17,2016-10-11
321,956,425146192-4,747,2015-05-30,2015-06-13,2015-07-09
322,608,072275777-8,338,2014-12-13,2014-12-27,2017-04-19
323,298,951373496-X,235,2015-07-21,2015-08-04,2016-12-02
324,366,314900508-6,930,2016-05-11,2016-05-25,2016-08-05
325,152,839388292-3,152,2015-06-02,2015-06-16,2017-08-05
326,504,808543900-X,179,2017-10-03,2017-10-17,2017-10-25
327,504,883329359-9,671,2017-10-20,2017-11-03,2017-11-03
328,350,230281925-X,159,2017-07-21,2017-08-04,2017-09-08
329,578,770838202-5,473,2017-07-05,2017-07-19,2017-11-04
330,17,813070367-X,24,2016-07-03,2016-07-17,2017-07-02
331,860,798734810-4,393,2017-08-06,2017-08-20,2017-09-26
332,132,001230724-6,320,2017-10-14,2017-10-28,2017-10-19
333,232,289049763-1,658,2017-07-10,2017-07-24,2017-08-20
334,995,721916419-X,733,2016-05-01,2016-05-15,2017-02-22
335,347,564186715-2,349,2016-10-13,2016-10-27,2017-08-25
336,346,274907511-4,975,2015-04-22,2015-05-06,2016-08-17
337,747,676599877-2,715,2017-05-18,2017-06-01,2017-08-27
338,206,539611794-X,199,2015-07-14,2015-07-28,2016-08-29
339,45,441175305-7,24,2017-08-15,2017-08-29,2017-09-28
340,552,151933310-2,185,2015-09-16,2015-09-30,2015-11-17
341,80,929422840-1,520,2017-08-22,2017-09-05,2017-08-25
342,206,696514265-0,55,2017-05-30,2017-06-13,2017-10-17
343,744,512771687-9,952,2017-08-18,2017-09-01,2017-11-02
344,917,318223614-8,178,2017-03-13,2017-03-27,2017-07-05
345,930,554384480-8,282,2015-03-31,2015-04-14,2016-06-22
346,563,104107499-9,228,2015-11-02,2015-11-16,2016-11-02
347,599,147769466-8,20,2015-11-09,2015-11-23,2016-12-12
348,427,643807818-2,285,2015-12-11,2015-12-25,2016-10-24
349,252,215932109-5,19,2016-10-15,2016-10-29,2016-12-08
350,935,721332777-1,138,2017-06-19,2017-07-03,2017-07-16
351,472,711978335-1,293,2017-05-27,2017-06-10,2017-08-15
352,192,528057008-7,640,2015-12-22,2016-01-05,2016-08-18
353,495,997703576-8,527,2015-02-09,2015-02-23,2015-06-20
354,403,605482059-1,822,2017-04-26,2017-05-10,2017-08-05
355,990,302056378-X,398,2017-09-03,2017-09-17,2017-09-25
356,298,154985459-3,520,2016-09-16,2016-09-30,2017-01-11
357,761,932155974-4,204,2017-08-04,2017-08-18,2017-09-05
358,424,893409665-9,225,2016-12-06,2016-12-20,2017-04-27
359,492,812015200-X,363,2016-07-06,2016-07-20,2016-09-12
360,120,297074089-3,262,2015-09-12,2015-09-26,2016-09-30
361,575,474603810-4,334,2017-08-04,2017-08-18,2017-09-21
362,647,249776414-X,640,2016-02-20,2016-03-05,2017-01-24
363,491,936054605-4,433,2015-08-05,2015-08-19,2016-06-05
364,384,785007849-7,709,2015-06-19,2015-07-03,2017-04-13
365,351,585441344-2,226,2015-07-30,2015-08-13,2017-09-28
366,956,321049535-1,36,2015-02-25,2015-03-11,2017-10-21
367,870,357450068-8,653,2017-05-27,2017-06-10,2017-10-26
368,979,272153202-2,510,2017-09-21,2017-10-05,2017-10-14
369,271,556227816-2,719,2015-03-03,2015-03-17,2017-02-10
370,581,230895132-X,300,2016-09-03,2016-09-17,2016-10-23
371,874,704586923-1,811,2016-02-11,2016-02-25,2017-03-14
372,960,704303590-2,536,2017-07-30,2017-08-13,2017-08-02
373,804,447667553-0,246,2015-06-27,2015-07-11,2016-02-10
374,41,291152108-0,748,2015-12-27,2016-01-10,2017-01-19
375,812,134035376-8,356,2017-07-27,2017-08-10,2017-10-19
376,533,123437620-2,904,2015-03-09,2015-03-23,2015-10-31
377,453,062382241-5,393,2015-09-23,2015-10-07,2016-08-25
378,291,492266776-8,33,2017-06-05,2017-06-19,2017-07-05
379,640,439776511-1,197,2015-04-30,2015-05-14,2017-03-14
380,145,946900193-1,792,2017-05-28,2017-06-11,2017-11-10
381,219,688869546-8,675,2017-01-22,2017-02-05,2017-01-31
382,198,757341554-0,499,2017-07-26,2017-08-09,2017-08-05
383,674,087586375-2,177,2017-10-19,2017-11-02,2017-11-16
384,571,368032481-2,339,2017-09-19,2017-10-03,2017-10-15
385,393,613015466-6,632,2016-01-08,2016-01-22,2017-11-06
386,221,103833116-1,760,2015-01-08,2015-01-22,2017-10-15
387,602,489853526-7,430,2015-01-30,2015-02-13,2017-01-13
388,118,834383556-5,406,2015-10-12,2015-10-26,2017-01-03
389,752,206338997-7,217,2015-01-18,2015-02-01,2016-04-21
390,355,347158133-2,61,2016-11-23,2016-12-07,2017-06-26
391,147,681036139-1,751,2015-02-03,2015-02-17,2017-09-29
392,548,085773996-4,195,2015-08-20,2015-09-03,2017-06-29
393,246,873316681-1,541,2017-08-09,2017-08-23,2017-08-26
394,135,933189123-7,439,2015-06-04,2015-06-18,2016-04-19
395,173,769134337-X,320,2017-08-04,2017-08-18,2017-08-18
396,816,790231340-8,404,2016-08-06,2016-08-20,2016-09-03
397,673,213831710-2,858,2015-11-13,2015-11-27,2017-11-16
398,819,903389257-X,813,2014-11-18,2014-12-02,2017-02-15
399,526,319645893-8,392,2016-06-07,2016-06-21,2016-11-25
400,383,286158662-1,793,2015-08-13,2015-08-27,2016-05-19
401,8,539162378-2,299,2017-05-01,2017-05-15,2017-06-05
402,411,099114888-6,638,2016-09-15,2016-09-29,2017-08-02
403,466,042407099-5,392,2015-12-18,2016-01-01,2017-06-12
404,663,632819276-2,702,2015-11-19,2015-12-03,2016-09-01
405,966,150929734-0,688,2016-03-28,2016-04-11,2017-07-13
406,274,168688522-9,89,2016-08-25,2016-09-08,2017-10-18
407,439,371772175-5,784,2016-05-07,2016-05-21,2016-08-01
408,58,951035507-0,887,2015-06-06,2015-06-20,2017-02-12
409,870,201852463-1,143,2015-12-28,2016-01-11,2017-05-01
410,596,164037856-1,825,2017-08-18,2017-09-01,2017-10-10
411,191,583104589-7,848,2016-07-15,2016-07-29,2017-07-01
412,350,563019178-0,528,2017-09-17,2017-10-01,2017-10-15
413,367,649386381-3,653,2017-10-09,2017-10-23,2017-11-10
414,878,452639713-X,572,2015-10-19,2015-11-02,2016-03-12
415,859,663072294-9,989,2016-11-10,2016-11-24,2017-03-16
416,368,713368116-1,563,2017-09-19,2017-10-03,2017-09-29
417,494,295931860-9,427,2017-03-19,2017-04-02,2017-04-25
418,658,833918752-X,475,2016-11-26,2016-12-10,2017-08-30
419,812,507657153-4,893,2015-12-09,2015-12-23,2016-07-02
420,850,095788723-X,14,2017-10-22,2017-11-05,2017-11-14
421,430,479136626-3,392,2016-11-18,2016-12-02,2017-09-07
422,332,816478299-8,74,2016-01-08,2016-01-22,2016-08-25
423,85,422325415-4,842,2016-03-22,2016-04-05,2017-07-28
424,159,150821545-6,231,2016-02-22,2016-03-07,2016-12-01
425,249,236743088-8,954,2015-05-18,2015-06-01,2015-05-20
426,90,272991481-1,449,2016-03-28,2016-04-11,2016-07-07
427,181,427381386-6,631,2015-04-05,2015-04-19,2016-01-30
428,13,170042772-5,758,2016-01-26,2016-02-09,2017-04-18
429,766,328390054-X,718,2017-11-06,2017-11-20,2017-11-14
430,566,495510738-9,780,2015-08-30,2015-09-13,2016-02-22
431,216,279684550-8,194,2015-02-10,2015-02-24,2016-09-30
432,359,219916823-9,357,2016-01-24,2016-02-07,2017-07-26
433,487,355007781-5,412,2016-06-01,2016-06-15,2017-05-23
434,241,011176587-0,828,2015-10-27,2015-11-10,2017-02-22
435,392,571394685-1,181,2016-04-28,2016-05-12,2017-01-14
436,604,462368266-8,110,2016-11-19,2016-12-03,2017-02-05
437,575,632238495-3,497,2015-10-28,2015-11-11,2016-10-23
438,879,771409321-8,474,2015-12-21,2016-01-04,2016-04-13
439,360,188202837-6,951,2017-07-13,2017-07-27,2017-10-22
440,4,889565751-9,748,2017-10-01,2017-10-15,2017-10-16
441,669,582115059-0,719,2015-06-03,2015-06-17,2015-12-07
442,964,993601935-0,756,2016-03-12,2016-03-26,2017-08-14
443,75,628332630-7,761,2017-08-24,2017-09-07,2017-11-02
444,849,953494625-7,580,2015-12-06,2015-12-20,2016-09-12
445,164,506224036-0,573,2017-05-25,2017-06-08,2017-08-03
446,742,847630629-6,442,2016-03-18,2016-04-01,2017-09-03
447,299,280608064-9,110,2017-02-19,2017-03-05,2017-07-22
448,681,247814136-1,573,2017-01-07,2017-01-21,2017-07-02
449,468,242098367-X,758,2017-10-08,2017-10-22,2017-10-22
450,949,066680746-9,147,2017-03-17,2017-03-31,2017-05-11
451,607,246681067-0,441,2015-04-04,2015-04-18,2015-06-04
452,271,984098567-1,997,2015-02-04,2015-02-18,2016-08-06
453,34,659274498-7,208,2016-08-30,2016-09-13,2017-05-01
454,414,871244208-9,896,2016-10-27,2016-11-10,2016-12-09
455,881,450830962-3,694,2015-09-19,2015-10-03,2016-09-29
456,288,510386354-5,374,2017-10-09,2017-10-23,2017-10-18
457,494,133738878-5,410,2016-02-08,2016-02-22,2017-09-04
458,745,878640302-8,264,2015-11-30,2015-12-14,2017-04-29
459,615,852410257-8,712,2017-03-25,2017-04-08,2017-11-14
460,948,236787008-X,450,2015-07-03,2015-07-17,2016-02-29
461,148,170419922-0,133,2016-11-29,2016-12-13,2017-10-02
462,692,945911435-0,402,2016-07-26,2016-08-09,2016-08-12
463,941,851955655-8,319,2016-01-09,2016-01-23,2016-07-25
464,56,567990824-7,790,2015-08-11,2015-08-25,2016-06-29
465,484,460347921-2,936,2016-07-29,2016-08-12,2017-07-09
466,368,146978003-8,792,2016-11-18,2016-12-02,2017-03-21
467,129,873387860-9,57,2015-02-19,2015-03-05,2015-09-12
468,915,086379162-X,258,2017-06-20,2017-07-04,2017-08-03
469,185,941022045-9,852,2017-04-16,2017-04-30,2017-08-03
470,972,928055147-7,265,2015-01-10,2015-01-24,2015-05-08
471,254,041754475-8,535,2016-07-19,2016-08-02,2017-05-29
472,65,736026747-1,800,2016-08-18,2016-09-01,2017-11-06
473,914,407167776-7,216,2016-10-22,2016-11-05,2017-03-30
474,818,649242966-4,505,2017-09-06,2017-09-20,2017-09-26
475,750,122009087-5,844,2016-02-07,2016-02-21,2017-07-02
476,461,592092642-2,269,2015-12-24,2016-01-07,2016-11-10
477,238,276382503-6,296,2016-10-19,2016-11-02,2017-08-06
478,285,389848068-2,540,2015-05-15,2015-05-29,2017-05-29
479,945,003705047-8,55,2015-03-19,2015-04-02,2017-04-22
480,134,717749327-1,444,2014-12-14,2014-12-28,2017-06-17
481,895,756737407-2,798,2016-11-21,2016-12-05,2017-03-14
482,323,413224712-0,986,2017-05-10,2017-05-24,2017-11-11
483,253,891772416-7,901,2017-06-29,2017-07-13,2017-11-07
484,784,093414344-7,992,2015-07-01,2015-07-15,2016-07-10
485,412,045294092-3,173,2017-01-29,2017-02-12,2017-09-09
486,969,697630607-2,893,2016-01-27,2016-02-10,2017-04-28
487,713,315864864-4,487,2016-10-21,2016-11-04,2017-08-17
488,927,231143689-9,551,2016-10-06,2016-10-20,2016-11-16
489,607,720404239-5,459,2015-01-19,2015-02-02,2015-02-12
490,47,859209148-9,44,2016-04-19,2016-05-03,2017-06-12
491,171,373163172-5,498,2017-05-13,2017-05-27,2017-08-29
492,886,030747303-1,59,2017-06-13,2017-06-27,2017-11-13
493,303,571952537-8,765,2016-06-03,2016-06-17,2017-10-29
494,645,846757436-4,197,2016-12-09,2016-12-23,2017-01-17
495,27,621818757-8,471,2017-07-22,2017-08-05,2017-07-31
496,880,826162401-3,576,2015-07-10,2015-07-24,2016-06-04
497,994,821488246-X,787,2015-07-21,2015-08-04,2017-02-15
498,890,724134413-8,621,2016-02-21,2016-03-06,2017-10-30
499,514,108538747-X,162,2015-10-06,2015-10-20,2017-09-28
500,379,946078608-1,707,2015-01-15,2015-01-29,2016-10-11
501,160,113948157-6,495,2016-02-28,2016-03-13,2016-06-03
502,824,095361097-7,183,2017-09-30,2017-10-14,2017-10-29
503,803,726352072-9,594,2015-05-27,2015-06-10,2016-05-02
504,798,006990101-5,523,2017-02-11,2017-02-25,2017-10-05
505,730,670465242-6,494,2017-01-19,2017-02-02,2017-05-14
506,92,315995329-7,229,2016-07-05,2016-07-19,2017-06-24
507,384,143605630-6,373,2015-02-21,2015-03-07,2017-08-29
508,651,573559787-6,447,2017-05-29,2017-06-12,2017-11-11
509,12,379618495-2,782,2015-06-25,2015-07-09,2015-12-05
510,184,801332335-8,556,2015-10-06,2015-10-20,2017-07-18
511,15,739030063-9,997,2016-04-02,2016-04-16,2017-10-11
512,12,043185239-1,959,2015-01-03,2015-01-17,2015-02-21
513,322,896775203-2,577,2017-01-06,2017-01-20,2017-02-01
514,723,672103275-9,465,2015-09-28,2015-10-12,2016-04-13
515,609,368976126-3,314,2015-01-21,2015-02-04,2016-05-31
516,230,799607885-8,392,2015-04-14,2015-04-28,2016-03-10
517,25,753090656-9,229,2017-06-02,2017-06-16,2017-09-02
518,194,202479403-3,536,2017-06-17,2017-07-01,2017-09-30
519,791,932063847-0,733,2017-01-12,2017-01-26,2017-02-28
520,213,256535285-9,933,2015-02-09,2015-02-23,2016-03-21
521,58,739691879-0,338,2017-08-28,2017-09-11,2017-10-25
522,982,988628458-7,757,2017-03-16,2017-03-30,2017-10-07
523,977,232736283-0,315,2016-05-04,2016-05-18,2016-07-01
524,984,796810308-8,967,2017-10-23,2017-11-06,2017-11-02
525,869,524637268-5,974,2017-04-28,2017-05-12,2017-10-22
526,174,616469160-5,933,2016-04-10,2016-04-24,2016-10-08
527,56,715793861-8,638,2016-10-11,2016-10-25,2016-10-19
528,601,854996467-0,338,2017-06-13,2017-06-27,2017-08-03
529,423,522462481-9,50,2017-07-29,2017-08-12,2017-08-12
530,371,579984802-0,61,2015-11-29,2015-12-13,2017-06-09
531,316,741173502-7,401,2016-01-26,2016-02-09,2016-12-27
532,224,617267106-5,39,2015-10-19,2015-11-02,2016-09-26
533,935,266713473-7,366,2015-05-09,2015-05-23,2015-10-16
534,473,192678663-7,118,2017-05-02,2017-05-16,2017-09-08
535,911,837557420-1,716,2016-06-14,2016-06-28,2017-01-07
536,778,334393036-9,907,2015-09-17,2015-10-01,2016-09-05
537,979,865286848-4,384,2015-05-08,2015-05-22,2017-02-23
538,475,157700002-1,303,2017-06-05,2017-06-19,2017-08-23
539,662,705992756-5,886,2016-03-19,2016-04-02,2017-04-14
540,146,628623183-8,604,2016-05-18,2016-06-01,2016-07-09
541,587,114112001-1,23,2016-12-27,2017-01-10,2017-01-07
542,460,576745137-0,870,2014-11-23,2014-12-07,2015-09-05
543,377,558067643-3,921,2015-03-27,2015-04-10,2016-09-09
544,736,045814524-6,662,2015-03-31,2015-04-14,2015-09-03
545,24,081938350-3,390,2017-02-11,2017-02-25,2017-08-07
546,197,016338371-5,750,2016-08-02,2016-08-16,2017-10-21
547,721,332090956-8,102,2017-03-18,2017-04-01,2017-10-17
548,717,936229417-6,620,2017-10-13,2017-10-27,2017-11-02
549,351,465583848-5,843,2016-04-07,2016-04-21,2017-03-07
550,929,198158790-X,151,2016-11-11,2016-11-25,2017-10-07
551,650,139067953-5,127,2016-08-18,2016-09-01,2017-09-20
552,763,727591247-3,573,2016-08-13,2016-08-27,2017-06-01
553,880,599456426-5,202,2016-12-03,2016-12-17,2017-08-14
554,272,825073119-0,931,2015-06-23,2015-07-07,2017-08-09
555,376,347034667-4,919,2015-09-06,2015-09-20,2017-03-08
556,543,537037595-X,992,2015-09-20,2015-10-04,2017-02-12
557,601,117246356-5,868,2015-01-05,2015-01-19,2016-08-14
558,840,913663362-3,260,2017-01-25,2017-02-08,2017-03-31
559,640,127251808-6,617,2017-09-03,2017-09-17,2017-09-16
560,888,022905932-5,730,2015-11-19,2015-12-03,2016-06-04
561,677,212474618-9,687,2016-12-31,2017-01-14,2017-07-10
562,441,348275987-1,694,2016-08-30,2016-09-13,2017-08-18
563,811,536617340-X,656,2017-02-09,2017-02-23,2017-04-20
564,847,853886891-8,195,2015-02-01,2015-02-15,2017-05-22
565,697,416207622-7,641,2016-11-23,2016-12-07,2017-07-13
566,47,763835391-9,544,2015-10-26,2015-11-09,2017-09-03
567,222,879085281-8,193,2017-10-29,2017-11-12,2017-11-02
568,940,149988201-7,575,2016-06-30,2016-07-14,2017-10-13
569,893,366221744-9,124,2016-02-11,2016-02-25,2017-05-01
570,973,777126149-3,963,2015-07-21,2015-08-04,2015-11-14
571,589,367389363-7,110,2017-10-04,2017-10-18,2017-11-14
572,926,084130799-7,27,2016-11-30,2016-12-14,2017-02-07
573,74,255948753-5,991,2015-08-05,2015-08-19,2017-08-13
574,319,244951521-6,479,2014-12-27,2015-01-10,2016-02-25
575,431,359590412-5,39,2014-11-17,2014-12-01,2016-04-20
576,371,469519259-4,924,2016-10-24,2016-11-07,2017-04-14
577,319,589929180-X,609,2017-07-14,2017-07-28,2017-10-04
578,854,213231325-3,477,2016-02-03,2016-02-17,2016-06-21
579,653,479715029-7,539,2017-10-17,2017-10-31,2017-10-24
580,633,669587953-2,472,2017-01-01,2017-01-15,2017-04-13
581,995,585207500-0,220,2015-10-15,2015-10-29,2017-05-09
582,392,890782041-4,527,2017-09-01,2017-09-15,2017-11-13
583,959,115438677-5,521,2015-12-02,2015-12-16,2016-10-14
584,717,431792824-8,927,2016-06-30,2016-07-14,2016-12-14
585,92,208229384-X,72,2015-09-03,2015-09-17,2017-07-02
586,127,608464782-0,276,2015-11-18,2015-12-02,2016-11-19
587,991,910722497-4,437,2017-08-23,2017-09-06,2017-11-13
588,223,172755741-7,28,2016-04-08,2016-04-22,2017-03-20
589,430,013594548-8,475,2015-04-19,2015-05-03,2015-12-22
590,71,280824726-5,477,2015-01-02,2015-01-16,2015-11-20
591,897,741704230-9,296,2016-05-18,2016-06-01,2016-06-04
592,539,610656556-2,420,2016-05-05,2016-05-19,2017-04-19
593,878,616115532-X,382,2016-11-15,2016-11-29,2017-06-03
594,805,274090153-4,400,2017-03-31,2017-04-14,2017-05-10
595,306,380990883-5,551,2016-05-16,2016-05-30,2016-06-22
596,315,669940016-9,504,2015-02-02,2015-02-16,2015-08-20
597,257,989662465-8,740,2015-07-11,2015-07-25,2017-07-11
598,160,531388257-0,761,2015-02-15,2015-03-01,2016-10-24
599,957,779996942-3,801,2017-07-04,2017-07-18,2017-09-30
600,594,565216579-0,824,2016-08-23,2016-09-06,2017-09-16
601,405,139075846-X,268,2016-11-23,2016-12-07,2017-07-24
602,753,109157125-2,131,2015-06-14,2015-06-28,2016-12-25
603,673,918836608-1,469,2015-12-06,2015-12-20,2017-07-29
604,372,212308202-3,989,2015-06-20,2015-07-04,2017-07-02
605,935,897167360-5,469,2017-08-28,2017-09-11,2017-09-27
606,166,236269447-X,392,2017-08-16,2017-08-30,2017-09-29
607,876,285544259-1,912,2016-05-28,2016-06-11,2017-01-29
608,781,507990037-7,263,2015-01-24,2015-02-07,2016-06-12
609,503,378991729-X,3,2016-08-17,2016-08-31,2016-08-17
610,428,215412725-8,482,2016-05-18,2016-06-01,2017-01-07
611,903,292609282-2,681,2015-09-22,2015-10-06,2016-08-15
612,758,666134827-5,58,2016-12-30,2017-01-13,2017-03-01
613,831,776886782-3,614,2016-07-05,2016-07-19,2016-07-08
614,752,682152152-2,614,2014-12-26,2015-01-09,2017-04-22
615,311,560508956-0,603,2015-06-19,2015-07-03,2015-11-07
616,514,768057305-0,312,2016-09-15,2016-09-29,2017-05-17
617,583,476966712-4,184,2017-02-18,2017-03-04,2017-09-28
618,287,530680110-2,146,2017-03-20,2017-04-03,2017-07-23
619,361,790727444-3,375,2015-06-15,2015-06-29,2017-04-26
620,912,505114260-5,97,2015-10-06,2015-10-20,2017-06-16
621,364,168301286-0,635,2014-12-23,2015-01-06,2017-02-18
622,386,348409061-8,285,2016-03-25,2016-04-08,2016-08-13
623,398,485551698-8,766,2016-08-11,2016-08-25,2017-04-26
624,447,037746751-0,304,2017-06-13,2017-06-27,2017-08-04
625,720,821756034-X,408,2015-05-17,2015-05-31,2016-07-19
626,213,691909171-2,811,2017-06-10,2017-06-24,2017-10-12
627,122,368309288-2,298,2015-09-08,2015-09-22,2016-05-20
628,953,550852268-9,532,2015-10-24,2015-11-07,2016-02-24
629,321,673251606-X,155,2015-08-30,2015-09-13,2016-03-02
630,521,448299068-X,42,2015-10-29,2015-11-12,2017-05-06
631,18,929641571-3,281,2017-01-16,2017-01-30,2017-04-19
632,330,785806752-4,455,2015-10-09,2015-10-23,2016-04-23
633,955,721371269-1,961,2015-06-03,2015-06-17,2016-02-28
634,693,112360070-8,426,2015-06-13,2015-06-27,2015-08-20
635,898,386061854-7,996,2017-01-13,2017-01-27,2017-09-24
636,728,559235220-4,768,2016-07-05,2016-07-19,2017-03-12
637,601,072792698-5,341,2017-03-09,2017-03-23,2017-06-29
638,143,124030180-4,804,2017-01-25,2017-02-08,2017-11-05
639,935,820968506-6,342,2015-11-14,2015-11-28,2016-04-02
640,546,054789943-2,987,2017-08-22,2017-09-05,2017-08-23
641,720,091417719-2,396,2017-07-28,2017-08-11,2017-08-03
642,45,330651307-5,778,2015-05-05,2015-05-19,2015-09-08
643,849,047012268-4,170,2016-11-12,2016-11-26,2016-12-04
644,526,109876821-3,566,2015-03-08,2015-03-22,2016-06-22
645,907,987505655-3,155,2017-08-02,2017-08-16,2017-10-09
646,175,728461999-6,404,2015-11-21,2015-12-05,2017-01-01
647,953,010937150-X,94,2016-11-27,2016-12-11,2017-07-19
648,736,826700396-7,831,2016-11-01,2016-11-15,2016-12-07
649,193,012780605-9,345,2015-10-18,2015-11-01,2017-04-03
650,297,305804022-9,594,2016-12-13,2016-12-27,2016-12-24
651,549,839923158-4,836,2017-03-25,2017-04-08,2017-07-27
652,940,108611857-X,762,2016-09-07,2016-09-21,2016-09-30
653,157,252741909-7,836,2015-07-19,2015-08-02,2015-11-29
654,923,560043464-2,476,2016-06-14,2016-06-28,2016-10-03
655,135,901314992-8,13,2014-12-03,2014-12-17,2016-11-14
656,910,375917227-X,486,2015-08-14,2015-08-28,2016-06-10
657,200,739011731-1,792,2016-02-07,2016-02-21,2017-10-19
658,781,456984187-2,253,2014-12-26,2015-01-09,2015-02-22
659,382,590388815-1,647,2016-11-09,2016-11-23,2017-11-16
660,135,799332465-3,566,2017-11-07,2017-11-21,2017-11-15
661,716,844459727-9,894,2017-11-12,2017-11-26,2017-11-12
662,462,343318726-6,180,2015-10-09,2015-10-23,2016-10-31
663,830,740407706-0,583,2015-05-04,2015-05-18,2017-04-13
664,461,138654161-3,390,2016-11-24,2016-12-08,2016-12-24
665,439,138209284-9,798,2015-05-31,2015-06-14,2015-07-11
666,456,824781446-3,618,2015-10-14,2015-10-28,2015-10-30
667,547,970120777-7,132,2017-02-19,2017-03-05,2017-07-06
668,88,061928334-3,393,2015-04-08,2015-04-22,2015-11-27
669,150,523599490-6,955,2015-07-11,2015-07-25,2017-03-22
670,49,963459010-1,695,2016-07-07,2016-07-21,2017-09-02
671,833,242793848-3,877,2016-08-20,2016-09-03,2017-08-22
672,744,621368171-X,992,2017-02-12,2017-02-26,2017-10-29
673,385,829702535-7,970,2017-08-05,2017-08-19,2017-10-14
674,135,773179013-4,872,2014-12-11,2014-12-25,2017-05-14
675,106,803818705-9,215,2017-07-28,2017-08-11,2017-10-31
676,821,839492443-3,954,2015-06-07,2015-06-21,2016-06-15
677,546,164054083-0,832,2015-12-24,2016-01-07,2017-06-25
678,169,922180784-3,401,2016-12-21,2017-01-04,2017-02-20
679,102,605515255-X,486,2017-01-09,2017-01-23,2017-02-15
680,361,980721698-2,401,2014-12-11,2014-12-25,2016-09-24
681,708,581548431-8,434,2016-09-03,2016-09-17,2016-11-12
682,920,695691937-0,969,2017-05-14,2017-05-28,2017-05-26
683,58,307978628-9,824,2015-03-22,2015-04-05,2015-09-10
684,392,895727451-0,154,2015-10-27,2015-11-10,2017-05-07
685,234,707080769-4,769,2017-06-03,2017-06-17,2017-11-02
686,781,274347913-2,705,2014-12-17,2014-12-31,2016-05-08
687,960,158150111-0,792,2016-10-31,2016-11-14,2017-08-09
688,400,756319464-9,886,2017-05-09,2017-05-23,2017-08-04
689,322,293348206-1,567,2015-02-10,2015-02-24,2015-05-18
690,992,897055782-2,84,2016-10-13,2016-10-27,2017-07-14
691,51,442339424-3,115,2016-06-17,2016-07-01,2016-10-30
692,275,107385182-6,391,2017-06-30,2017-07-14,2017-10-06
693,848,670767081-6,897,2017-03-13,2017-03-27,2017-08-26
694,279,341029963-7,235,2016-02-09,2016-02-23,2016-06-10
695,372,435612744-7,124,2015-05-17,2015-05-31,2016-03-13
696,907,831146928-8,348,2017-05-29,2017-06-12,2017-06-29
697,55,013969045-X,418,2016-06-08,2016-06-22,2016-10-07
698,449,673479972-7,546,2015-04-07,2015-04-21,2015-06-02
699,104,630086811-7,130,2015-04-13,2015-04-27,2016-08-03
700,738,308555249-9,814,2015-08-09,2015-08-23,2015-11-25
701,481,775330679-0,657,2017-03-17,2017-03-31,2017-05-02
702,579,536356255-3,919,2015-02-21,2015-03-07,2016-09-22
703,34,234898068-1,30,2017-06-03,2017-06-17,2017-11-07
704,94,848988020-4,151,2015-01-31,2015-02-14,2017-09-27
705,470,352895809-X,422,2017-05-12,2017-05-26,2017-10-11
706,585,077642175-1,206,2016-11-13,2016-11-27,2016-12-18
707,688,722857910-0,776,2017-06-16,2017-06-30,2017-07-06
708,262,554588442-4,880,2017-08-06,2017-08-20,2017-09-02
709,176,648218183-X,139,2017-08-27,2017-09-10,2017-09-30
710,702,565576783-X,395,2017-10-13,2017-10-27,2017-11-12
711,552,950199763-4,798,2015-10-15,2015-10-29,2016-04-18
712,401,514111012-5,333,2015-06-25,2015-07-09,2017-11-09
713,29,412300094-0,887,2015-11-15,2015-11-29,2016-08-21
714,686,428295086-2,763,2016-05-12,2016-05-26,2017-10-18
715,202,088504273-5,246,2017-05-21,2017-06-04,2017-06-12
716,728,316912030-1,336,2017-08-01,2017-08-15,2017-09-05
717,373,876388241-8,286,2015-03-24,2015-04-07,2017-05-06
718,251,168300585-6,372,2015-08-26,2015-09-09,2017-08-04
719,603,526406239-0,424,2017-04-22,2017-05-06,2017-05-29
720,456,494257657-1,211,2017-04-26,2017-05-10,2017-08-23
721,80,995629892-1,367,2015-08-27,2015-09-10,2016-07-12
722,946,783213165-9,307,2015-06-08,2015-06-22,2015-12-23
723,184,647231368-7,530,2017-03-28,2017-04-11,2017-06-03
724,840,997171633-X,788,2016-05-24,2016-06-07,2017-08-29
725,923,750884803-9,206,2015-11-16,2015-11-30,2015-12-27
726,684,567980433-6,661,2015-10-18,2015-11-01,2017-03-21
727,194,734122320-0,140,2015-10-13,2015-10-27,2017-02-17
728,281,538935979-8,768,2016-10-18,2016-11-01,2016-11-18
729,234,656205097-9,214,2016-08-28,2016-09-11,2016-08-29
730,696,620839494-5,234,2014-12-21,2015-01-04,2017-07-20
731,993,663673169-9,342,2015-08-18,2015-09-01,2017-01-21
732,506,379134893-0,990,2016-07-11,2016-07-25,2017-05-29
733,662,686377914-5,478,2015-03-20,2015-04-03,2015-11-09
734,549,933918971-X,30,2017-04-15,2017-04-29,2017-09-27
735,612,203404759-1,419,2014-12-21,2015-01-04,2016-09-05
736,14,480335580-0,446,2015-11-15,2015-11-29,2016-09-14
737,731,148161948-9,468,2017-09-11,2017-09-25,2017-09-27
738,327,925627271-7,340,2015-09-21,2015-10-05,2017-04-07
739,797,536182522-0,309,2016-10-19,2016-11-02,2017-08-19
740,422,143644422-5,1000,2016-01-15,2016-01-29,2016-08-23
741,472,368013226-3,281,2016-07-16,2016-07-30,2017-01-23
742,256,085283420-9,106,2017-10-04,2017-10-18,2017-10-15
743,576,806011514-6,882,2017-11-06,2017-11-20,2017-11-09
744,980,189341631-3,208,2016-06-27,2016-07-11,2017-04-04
745,820,880946013-8,791,2015-01-29,2015-02-12,2017-04-11
746,151,793415777-0,501,2016-10-04,2016-10-18,2017-08-27
747,978,592041925-3,468,2016-10-20,2016-11-03,2017-08-10
748,306,068175858-9,883,2015-04-30,2015-05-14,2017-07-11
749,677,860049262-9,52,2017-11-08,2017-11-22,2017-11-11
750,828,109129755-X,599,2016-07-28,2016-08-11,2017-11-08
751,19,866839983-7,698,2017-01-14,2017-01-28,2017-05-13
752,898,897290129-6,175,2016-08-12,2016-08-26,2016-12-28
753,810,494118387-8,694,2017-11-03,2017-11-17,2017-11-11
754,180,786755316-9,834,2015-01-13,2015-01-27,2016-04-23
755,877,899849469-8,384,2017-05-17,2017-05-31,2017-06-05
756,713,287104519-4,396,2017-03-08,2017-03-22,2017-07-19
757,567,131750522-0,848,2016-03-04,2016-03-18,2017-03-19
758,973,124355667-6,799,2016-04-16,2016-04-30,2017-02-02
759,559,737097310-7,873,2015-06-19,2015-07-03,2016-09-12
760,259,081254428-5,802,2017-03-01,2017-03-15,2017-11-09
761,917,055439876-1,677,2017-09-02,2017-09-16,2017-10-18
762,627,241722516-6,119,2017-11-13,2017-11-27,2017-11-13
763,760,915056167-7,601,2017-08-18,2017-09-01,2017-10-03
764,130,475556654-1,240,2016-03-18,2016-04-01,2017-05-09
765,110,307173608-8,657,2016-01-09,2016-01-23,2017-03-07
766,965,937109087-1,162,2016-01-13,2016-01-27,2017-09-10
767,70,414496696-8,116,2016-09-24,2016-10-08,2017-03-10
768,96,186155135-5,668,2017-11-08,2017-11-22,2017-11-14
769,725,407327366-3,928,2015-11-14,2015-11-28,2016-05-06
770,634,207558686-1,826,2016-12-25,2017-01-08,2017-09-04
771,462,100873120-X,24,2015-12-31,2016-01-14,2017-10-29
772,489,272133382-8,752,2017-07-18,2017-08-01,2017-09-10
773,707,995241667-9,85,2016-06-13,2016-06-27,2017-09-13
774,535,558523436-6,873,2015-04-12,2015-04-26,2017-09-17
775,327,627611399-9,306,2017-03-24,2017-04-07,2017-06-10
776,967,183186383-9,565,2015-01-19,2015-02-02,2016-07-26
777,75,414793117-0,175,2015-09-16,2015-09-30,2015-10-25
778,59,791913633-4,308,2015-10-06,2015-10-20,2016-03-07
779,728,212720399-2,30,2016-06-04,2016-06-18,2016-12-21
780,760,580889103-5,277,2015-02-26,2015-03-12,2015-10-13
781,560,215401015-6,944,2016-05-11,2016-05-25,2017-02-27
782,697,268985625-5,100,2016-01-01,2016-01-15,2016-11-09
783,597,052209392-2,606,2016-04-26,2016-05-10,2017-09-15
784,154,230328649-2,62,2014-11-30,2014-12-14,2015-05-04
785,590,961759852-3,222,2017-09-07,2017-09-21,2017-10-26
786,352,159059791-5,786,2017-09-19,2017-10-03,2017-11-04
787,89,757461274-9,465,2016-10-21,2016-11-04,2017-07-27
788,478,708821361-3,917,2017-06-28,2017-07-12,2017-07-04
789,182,084881427-4,634,2016-11-30,2016-12-14,2016-12-28
790,552,786193272-9,797,2017-05-01,2017-05-15,2017-05-03
791,494,516242584-2,514,2016-06-28,2016-07-12,2017-05-03
792,364,527823454-7,839,2015-10-22,2015-11-05,2017-09-05
793,984,660845471-6,527,2016-02-04,2016-02-18,2017-07-13
794,634,354100037-6,784,2015-07-09,2015-07-23,2016-09-17
795,56,269848590-6,353,2016-08-18,2016-09-01,2016-12-29
796,367,520310950-8,886,2015-05-11,2015-05-25,2016-09-24
797,379,377482606-4,653,2016-04-15,2016-04-29,2017-01-12
798,63,040989034-0,541,2017-08-28,2017-09-11,2017-10-24
799,370,665495677-X,389,2015-06-18,2015-07-02,2015-07-03
800,144,896741215-0,44,2016-10-02,2016-10-16,2017-02-08
801,72,778994480-0,586,2017-02-25,2017-03-11,2017-06-13
802,93,327122878-7,222,2016-03-18,2016-04-01,2017-03-16
803,863,705032693-3,970,2014-11-29,2014-12-13,2015-11-26
804,42,706076741-X,460,2016-02-21,2016-03-06,2016-08-06
805,833,241876434-6,40,2017-02-08,2017-02-22,2017-06-29
806,864,300119080-9,833,2017-07-03,2017-07-17,2017-07-17
807,656,800592457-7,383,2016-12-17,2016-12-31,2017-01-04
808,547,069629506-7,973,2015-04-01,2015-04-15,2016-06-25
809,191,302676190-7,692,2016-03-01,2016-03-15,2017-02-21
810,139,016277531-8,758,2017-03-26,2017-04-09,2017-09-02
811,716,196333260-1,808,2015-11-25,2015-12-09,2017-09-21
812,550,011527400-6,34,2016-06-08,2016-06-22,2017-05-05
813,819,281447753-6,247,2016-02-09,2016-02-23,2016-07-01
814,33,689684757-3,837,2017-05-06,2017-05-20,2017-06-16
815,663,915652427-7,67,2016-01-24,2016-02-07,2016-08-29
816,734,036128974-X,166,2015-03-12,2015-03-26,2015-09-11
817,620,720797698-4,351,2014-12-15,2014-12-29,2015-11-16
818,848,286630574-4,170,2015-07-18,2015-08-01,2015-10-07
819,163,447060320-1,771,2017-05-13,2017-05-27,2017-10-19
820,218,422442030-9,521,2016-08-01,2016-08-15,2017-06-18
821,776,370360902-8,315,2015-06-26,2015-07-10,2017-09-14
822,753,550096084-9,787,2016-09-29,2016-10-13,2017-07-06
823,366,208775330-X,542,2017-02-18,2017-03-04,2017-04-24
824,179,171188407-3,51,2017-09-24,2017-10-08,2017-10-23
825,562,561495931-9,105,2015-06-14,2015-06-28,2016-03-11
826,306,296897244-8,395,2017-10-30,2017-11-13,2017-11-07
827,826,397824921-9,354,2016-03-31,2016-04-14,2016-11-23
828,834,424885140-7,768,2017-10-04,2017-10-18,2017-10-04
829,109,704969995-0,28,2015-06-07,2015-06-21,2017-08-19
830,70,004325108-0,344,2017-07-23,2017-08-06,2017-10-07
831,862,472649068-0,10,2016-03-29,2016-04-12,2016-08-11
832,81,517294323-4,384,2017-03-31,2017-04-14,2017-10-14
833,752,544947383-4,79,2015-11-17,2015-12-01,2017-05-10
834,574,011556852-2,457,2017-11-15,2017-11-29,2017-11-15
835,629,759751198-1,456,2016-07-24,2016-08-07,2017-11-15
836,516,301694734-X,29,2017-10-21,2017-11-04,2017-11-07
837,1,187802501-5,848,2017-05-20,2017-06-03,2017-07-19
838,937,945301579-2,762,2015-05-14,2015-05-28,2015-12-03
839,257,809221281-3,551,2016-03-06,2016-03-20,2016-08-23
840,76,700645806-4,205,2015-12-04,2015-12-18,2017-07-22
841,400,911036805-1,315,2016-01-11,2016-01-25,2017-07-25
842,196,987181434-8,286,2017-03-13,2017-03-27,2017-03-15
843,676,455804207-8,616,2015-10-05,2015-10-19,2015-12-01
844,566,124816691-4,273,2017-02-24,2017-03-10,2017-04-23
845,688,050306204-9,471,2014-12-26,2015-01-09,2017-01-23
846,957,873781223-8,136,2016-07-17,2016-07-31,2017-09-22
847,700,990990782-8,947,2015-04-13,2015-04-27,2015-11-12
848,779,896473628-1,346,2016-06-13,2016-06-27,2017-06-21
849,3,926478581-7,49,2016-08-28,2016-09-11,2016-09-05
850,291,479348522-7,323,2015-11-30,2015-12-14,2016-03-13
851,247,149775666-9,1,2016-05-05,2016-05-19,2017-04-12
852,425,647657025-0,880,2015-08-20,2015-09-03,2016-02-10
853,375,048440429-6,125,2016-09-10,2016-09-24,2016-09-28
854,43,876439053-5,871,2015-11-27,2015-12-11,2016-02-13
855,479,891517237-X,293,2015-11-16,2015-11-30,2017-07-18
856,898,986468273-3,635,2017-10-07,2017-10-21,2017-10-27
857,693,449652155-5,991,2016-08-15,2016-08-29,2017-06-27
858,852,228305292-0,917,2016-01-18,2016-02-01,2016-04-20
859,60,133562093-1,643,2017-01-21,2017-02-04,2017-06-12
860,667,646712059-0,975,2016-11-14,2016-11-28,2017-07-23
861,62,387749518-4,269,2016-05-21,2016-06-04,2016-09-12
862,29,714412367-X,20,2016-07-06,2016-07-20,2017-03-25
863,624,900309264-8,114,2015-10-02,2015-10-16,2016-07-16
864,13,870749305-3,253,2015-11-27,2015-12-11,2017-01-08
865,611,321108111-9,929,2016-12-02,2016-12-16,2017-07-25
866,388,338183110-0,459,2015-02-16,2015-03-02,2015-10-22
867,922,065301759-6,281,2015-02-03,2015-02-17,2015-11-21
868,423,549232581-7,375,2016-05-06,2016-05-20,2017-05-17
869,724,825303309-5,373,2015-03-11,2015-03-25,2015-11-28
870,892,681343812-3,590,2015-06-09,2015-06-23,2017-01-18
871,481,877582719-0,774,2016-02-23,2016-03-08,2016-09-20
872,941,364013059-6,844,2017-03-07,2017-03-21,2017-05-02
873,594,667313208-6,86,2015-08-12,2015-08-26,2016-12-23
874,105,801537989-X,757,2015-01-27,2015-02-10,2016-10-24
875,96,545282435-9,181,2016-07-23,2016-08-06,2017-03-20
876,237,510907843-2,889,2017-11-10,2017-11-24,2017-11-16
877,322,802179326-0,30,2017-07-18,2017-08-01,2017-10-05
878,555,746222544-1,530,2017-04-28,2017-05-12,2017-06-06
879,243,567910599-3,331,2017-03-02,2017-03-16,2017-07-14
880,772,848540635-4,66,2015-06-28,2015-07-12,2015-07-27
881,572,061234737-0,277,2017-06-26,2017-07-10,2017-11-02
882,645,851349042-3,436,2015-10-14,2015-10-28,2016-02-23
883,716,396818927-2,779,2017-05-03,2017-05-17,2017-05-17
884,413,591948774-7,226,2015-12-09,2015-12-23,2016-07-30
885,62,193203012-3,152,2016-07-30,2016-08-13,2017-05-11
886,895,429171065-8,432,2017-10-17,2017-10-31,2017-10-22
887,394,080336488-1,336,2016-05-20,2016-06-03,2016-07-09
888,836,828079037-3,53,2016-05-31,2016-06-14,2016-10-27
889,299,249345721-8,43,2017-05-10,2017-05-24,2017-10-01
890,214,423566524-3,750,2015-09-18,2015-10-02,2016-06-18
891,419,491603171-7,196,2015-01-24,2015-02-07,2016-08-17
892,983,535191565-0,235,2017-10-28,2017-11-11,2017-10-29
893,296,469463764-9,289,2014-12-05,2014-12-19,2017-03-01
894,825,535950463-3,588,2014-12-21,2015-01-04,2015-05-05
895,514,647860986-3,196,2016-10-05,2016-10-19,2017-04-12
896,250,723321958-3,59,2017-05-15,2017-05-29,2017-05-28
897,240,838233310-9,682,2016-04-24,2016-05-08,2017-11-11
898,452,415909412-0,808,2015-09-19,2015-10-03,2016-10-14
899,958,899041753-8,233,2016-10-31,2016-11-14,2017-03-22
900,637,840071006-1,747,2014-12-03,2014-12-17,2015-10-16
901,947,892612919-5,915,2016-11-01,2016-11-15,2017-03-18
902,306,272470490-8,62,2016-01-21,2016-02-04,2017-09-29
903,873,490121088-2,462,2016-04-28,2016-05-12,2017-03-24
904,56,665385900-2,189,2016-12-25,2017-01-08,2017-07-05
905,173,191237858-2,729,2016-10-30,2016-11-13,2017-09-07
906,354,861628561-X,626,2017-09-24,2017-10-08,2017-10-07
907,100,040613299-2,717,2017-09-18,2017-10-02,2017-11-14
908,800,570784887-8,23,2015-08-05,2015-08-19,2017-06-22
909,326,465179812-8,418,2017-09-02,2017-09-16,2017-09-07
910,360,172118288-8,195,2016-06-16,2016-06-30,2017-05-24
911,570,406493515-2,328,2016-10-31,2016-11-14,2017-03-09
912,113,165932113-1,974,2016-07-13,2016-07-27,2017-03-05
913,687,223477646-5,832,2017-07-18,2017-08-01,2017-09-07
914,427,627450635-7,423,2017-08-18,2017-09-01,2017-09-30
915,181,228348398-0,266,2017-08-27,2017-09-10,2017-10-08
916,272,252935827-3,582,2015-05-07,2015-05-21,2015-10-13
917,379,314701710-9,449,2015-02-21,2015-03-07,2015-03-07
918,682,366336291-4,172,2014-12-08,2014-12-22,2017-02-07
919,202,272059054-1,997,2017-01-03,2017-01-17,2017-08-18
920,77,433044554-9,714,2017-10-18,2017-11-01,2017-10-19
921,419,916267665-2,841,2016-07-03,2016-07-17,2017-02-26
922,879,630558802-3,607,2016-02-01,2016-02-15,2017-03-09
923,393,394226567-2,108,2017-01-23,2017-02-06,2017-11-07
924,989,256029504-0,95,2016-12-17,2016-12-31,2017-03-09
925,305,400581142-6,191,2016-12-17,2016-12-31,2017-09-06
926,305,291525419-2,535,2016-01-14,2016-01-28,2016-01-21
927,840,051752938-6,132,2017-05-02,2017-05-16,2017-10-17
928,482,019603498-1,311,2016-06-02,2016-06-16,2017-10-08
929,607,325423674-2,593,2016-02-15,2016-02-29,2016-07-25
930,548,692415271-6,197,2017-04-09,2017-04-23,2017-06-17
931,832,014773000-7,98,2016-08-17,2016-08-31,2017-06-08
932,808,027984876-5,439,2016-04-24,2016-05-08,2016-12-07
933,840,556566924-3,522,2015-12-10,2015-12-24,2017-08-02
934,844,981787247-5,568,2017-05-29,2017-06-12,2017-07-16
935,813,545691381-X,786,2015-06-02,2015-06-16,2016-02-24
936,932,861567864-2,18,2017-09-15,2017-09-29,2017-10-31
937,18,462059664-7,332,2017-05-02,2017-05-16,2017-07-06
938,550,202571607-9,723,2017-10-26,2017-11-09,2017-11-09
939,906,773699836-1,865,2016-01-31,2016-02-14,2017-06-20
940,488,475872223-4,490,2015-07-08,2015-07-22,2015-10-18
941,774,292406542-9,733,2015-04-19,2015-05-03,2017-05-24
942,673,663785030-6,693,2016-05-30,2016-06-13,2016-12-07
943,590,353609179-2,413,2016-08-30,2016-09-13,2017-10-19
944,518,151613491-5,921,2014-12-17,2014-12-31,2015-07-10
945,395,855269285-6,794,2017-06-08,2017-06-22,2017-08-08
946,119,167577822-1,861,2016-07-09,2016-07-23,2016-07-16
947,867,731903891-9,173,2015-06-18,2015-07-02,2017-09-07
948,767,405235057-X,362,2016-08-28,2016-09-11,2016-11-09
949,866,010144104-5,411,2016-08-30,2016-09-13,2017-03-30
950,319,964516917-8,987,2016-01-01,2016-01-15,2016-07-27
951,919,109634254-5,419,2015-01-25,2015-02-08,2016-04-23
952,533,016640711-9,258,2017-09-20,2017-10-04,2017-11-12
953,247,576074124-1,548,2017-01-06,2017-01-20,2017-08-23
954,482,225756073-6,183,2015-07-16,2015-07-30,2017-06-04
955,313,204993114-X,644,2015-06-14,2015-06-28,2016-12-14
956,915,559468567-7,353,2015-09-02,2015-09-16,2017-08-28
957,579,349335828-8,978,2016-02-13,2016-02-27,2016-12-07
958,568,744009575-8,258,2014-12-05,2014-12-19,2017-08-26
959,952,873399609-1,962,2016-02-08,2016-02-22,2017-10-04
960,509,323999318-X,824,2015-10-25,2015-11-08,2016-06-01
961,75,531983899-9,276,2016-11-17,2016-12-01,2017-10-26
962,186,159751043-2,533,2015-09-16,2015-09-30,2016-06-05
963,122,755548255-X,360,2016-09-11,2016-09-25,2017-07-29
964,708,386154172-6,83,2017-05-17,2017-05-31,2017-08-05
965,132,359309007-4,266,2017-03-30,2017-04-13,2017-09-16
966,748,237153533-8,758,2016-05-09,2016-05-23,2017-05-11
967,252,911844089-4,245,2017-09-04,2017-09-18,2017-10-11
968,640,809655233-3,14,2016-04-08,2016-04-22,2016-07-19
969,706,251892680-1,73,2017-01-15,2017-01-29,2017-05-31
970,355,242532290-6,670,2017-09-26,2017-10-10,2017-10-27
971,372,895856720-1,833,2015-12-19,2016-01-02,2017-10-29
972,244,529776938-8,293,2015-12-22,2016-01-05,2017-02-14
973,280,451250395-1,779,2015-12-25,2016-01-08,2017-05-02
974,271,990596840-7,951,2014-12-29,2015-01-12,2015-06-04
975,746,930100459-3,187,2015-09-13,2015-09-27,2016-07-23
976,28,583639737-6,515,2016-10-28,2016-11-11,2017-06-23
977,198,332546229-4,938,2017-01-29,2017-02-12,2017-04-21
978,555,964106158-5,826,2016-08-27,2016-09-10,2017-06-14
979,48,253314972-1,421,2015-09-02,2015-09-16,2017-01-03
980,156,587536024-0,380,2017-07-08,2017-07-22,2017-10-27
981,748,517785025-0,925,2014-11-18,2014-12-02,2017-07-09
982,762,347246958-7,597,2014-12-26,2015-01-09,2017-11-11
983,921,559661353-3,568,2016-10-07,2016-10-21,2017-03-29
984,187,904413579-1,465,2016-04-27,2016-05-11,2016-09-22
985,753,375933752-X,497,2017-04-01,2017-04-15,2017-07-23
986,505,563556379-1,384,2017-10-29,2017-11-12,2017-11-04
987,815,029509388-9,687,2015-08-05,2015-08-19,2017-11-16
988,59,495456948-6,442,2015-05-19,2015-06-02,2016-08-10
989,99,669362825-7,917,2017-05-11,2017-05-25,2017-08-21
990,606,783068597-5,79,2017-09-13,2017-09-27,2017-10-11
991,468,724557611-4,674,2016-12-23,2017-01-06,2017-03-26
992,647,309267967-9,682,2016-12-31,2017-01-14,2017-01-31
993,297,081650217-X,576,2016-04-07,2016-04-21,2017-08-11
994,757,921046112-6,425,2016-03-16,2016-03-30,2016-06-06
995,338,699977592-3,525,2015-11-13,2015-11-27,2017-02-11
996,472,265002949-8,291,2017-04-23,2017-05-07,2017-10-17
997,272,983897014-X,992,2017-04-29,2017-05-13,2017-11-10
998,555,397295340-2,981,2016-07-11,2016-07-25,2017-09-07
999,33,551513450-8,65,2015-11-25,2015-12-09,2017-01-03
1000,311,955788701-X,436,2017-08-20,2017-09-03,2017-09-03
