ReservationID,MemberID,ISBN,ReservedDate
1,707,676498915-X,2016-06-24
2,394,657625364-8,2015-12-10
3,138,569641216-5,2016-01-14
4,711,698572855-3,2016-01-07
5,348,155759394-9,2017-03-23
6,667,144069447-8,2015-05-25
7,376,942223347-X,2015-09-26
8,841,182403435-0,2016-05-15
9,595,127449559-8,2017-01-24
10,631,387642616-2,2015-05-25
11,174,949518460-6,2015-04-11
12,119,795389905-1,2016-10-07
13,724,087179241-9,2016-02-09
14,68,894823317-3,2015-06-26
15,529,292173402-8,2015-03-30
16,114,666378534-6,2016-03-11
17,903,223265512-1,2015-04-30
18,900,242691972-8,2014-12-24
19,956,055212282-3,2015-01-01
20,401,582596604-8,2016-03-18
21,313,792644921-0,2017-04-23
22,234,394338325-3,2014-12-31
23,193,401473299-1,2015-10-04
24,121,621827072-6,2015-08-16
25,981,191217591-6,2015-04-02
26,547,986718214-6,2017-02-13
27,998,253825795-6,2015-10-09
28,805,299014021-2,2016-02-23
29,6,446124600-0,2015-03-23
30,954,339746451-X,2015-05-19
31,634,045998974-X,2016-10-13
32,162,905741527-5,2015-09-26
33,705,140574319-0,2015-12-08
34,543,089509725-7,2017-05-14
35,496,186593939-0,2015-04-07
36,493,007219298-4,2016-12-22
37,89,846503899-6,2015-12-15
38,484,781462087-2,2017-02-18
39,226,892164529-2,2017-03-25
40,498,453347646-5,2017-03-05
41,254,259044760-4,2016-02-12
42,969,292890752-1,2014-12-01
43,90,541491857-0,2015-01-27
44,659,159299246-3,2015-02-18
45,17,133532935-8,2014-12-12
46,388,311073057-X,2015-03-27
47,481,781464152-7,2015-07-07
48,772,700886444-2,2016-05-20
49,749,490150741-9,2016-12-18
50,158,747825180-3,2015-01-05
51,69,841718029-X,2015-02-26
52,398,841417396-9,2016-01-23
53,735,793915770-1,2015-04-12
54,987,164713520-6,2016-08-15
55,202,395804213-9,2016-09-20
56,856,515996037-6,2015-12-18
57,252,030238932-6,2015-11-25
58,127,693660042-5,2015-09-14
59,896,111923809-9,2014-11-17
60,483,189511289-3,2016-10-22
61,681,071130580-3,2016-03-29
62,245,273723481-6,2017-03-11
63,29,535451393-6,2015-07-16
64,16,866414624-1,2015-08-21
65,723,751448053-6,2015-12-04
66,72,395683279-5,2016-07-12
67,148,862050438-X,2015-04-25
68,505,247740014-2,2017-01-13
69,796,496467561-0,2015-07-24
70,203,226470030-0,2016-01-21
71,901,916824596-3,2016-09-14
72,374,742507400-1,2017-04-23
73,271,820322252-8,2017-06-05
74,241,759416250-1,2015-12-22
75,663,365310338-X,2015-01-11
76,542,041697959-9,2015-11-06
77,567,940640491-5,2016-11-14
78,902,268478290-3,2016-03-06
79,117,654435444-9,2015-05-17
80,428,524627937-5,2016-02-02
81,41,548488113-7,2015-07-11
82,32,413049446-5,2015-04-14
83,960,770329382-2,2015-05-06
84,790,253665053-7,2016-08-14
85,267,791030480-3,2016-08-29
86,353,328221243-7,2016-07-28
87,361,773630988-4,2014-11-19
88,201,972764590-9,2014-12-03
89,841,169311342-2,2016-08-23
90,877,927703137-9,2015-04-04
91,232,806884432-5,2015-02-28
92,775,082278727-X,2016-04-13
93,998,063890626-1,2017-03-30
94,397,039183816-4,2016-11-29
95,640,510406485-9,2015-04-05
96,109,607635302-3,2017-05-30
97,461,628152814-X,2016-11-14
98,747,923020778-0,2016-08-05
99,976,873312092-7,2017-01-08
100,881,520925685-5,2016-10-18
101,369,700929037-7,2015-07-21
102,516,278934713-1,2017-01-13
103,592,124308684-X,2015-11-20
104,530,408282805-2,2015-05-15
105,383,493801749-0,2017-04-20
106,532,586037743-6,2017-07-11
107,806,562862383-0,2016-06-20
108,189,953749344-X,2015-05-24
109,373,676999998-6,2017-04-21
110,82,134292329-4,2016-12-19
111,472,838372942-1,2015-08-16
112,402,357266865-4,2017-05-18
113,272,757612473-3,2016-06-16
114,406,315383512-8,2015-03-15
115,548,499187650-8,2016-08-25
116,186,805844770-6,2016-11-02
117,303,784010732-X,2017-01-01
118,118,155661821-2,2015-10-17
119,103,620017697-3,2015-03-19
120,566,803164849-2,2015-11-21
121,166,647003322-9,2016-09-27
122,471,211825637-X,2016-01-15
123,202,671279074-3,2015-09-30
124,867,638696239-7,2017-04-03
125,383,878286288-5,2016-07-07
126,221,504543631-7,2015-11-08
127,424,373686012-9,2016-01-31
128,646,487398284-7,2015-07-20
129,841,583973070-X,2017-06-23
130,980,367288873-7,2014-12-04
131,446,939587057-5,2015-05-22
132,450,430326093-2,2015-11-13
133,649,497809924-2,2017-04-11
134,600,780165468-4,2016-09-18
135,65,417061778-9,2017-07-24
136,339,736194118-4,2016-10-20
137,331,097429592-2,2017-04-19
138,185,957798955-1,2016-03-22
139,393,036930293-1,2017-02-28
140,680,616993375-5,2015-08-05
141,982,700073145-1,2015-12-01
142,10,395515587-0,2017-04-11
143,536,662519218-X,2017-07-12
144,864,126981990-9,2016-03-06
145,815,792295057-8,2015-09-30
146,48,762535334-6,2017-05-05
147,806,589819450-9,2016-04-11
148,897,955053306-9,2015-08-20
149,339,693065107-9,2014-11-22
150,40,792095824-5,2016-03-21
151,195,169800459-1,2017-02-26
152,876,492819936-7,2016-12-03
153,712,113726942-1,2015-06-02
154,210,337453586-0,2016-08-29
155,99,849682195-1,2015-07-16
156,877,734384986-7,2015-07-23
157,451,011511850-0,2015-03-11
158,342,429150003-3,2015-01-12
159,684,509938554-0,2016-04-23
160,200,955960888-6,2016-02-15
161,160,460213928-0,2014-11-20
162,858,941289417-1,2016-10-25
163,565,158354667-7,2015-05-27
164,845,840405236-0,2016-06-29
165,391,057151300-X,2016-11-20
166,912,232087697-9,2016-05-02
167,176,166840725-6,2015-08-03
168,632,558365013-3,2014-11-27
169,571,431859635-4,2015-05-11
170,857,952840979-2,2017-02-08
171,951,897197842-2,2016-08-30
172,205,128064276-9,2016-07-08
173,767,922686628-7,2016-04-01
174,867,146517134-7,2016-04-05
175,970,337521307-7,2014-12-08
176,716,042244578-9,2016-10-02
177,783,545758881-5,2015-03-13
178,590,685236037-7,2017-06-01
179,109,303846960-2,2016-02-08
180,725,946375726-0,2015-08-04
181,45,582179039-5,2015-12-31
182,872,849275431-1,2017-06-04
183,8,525412752-X,2015-04-04
184,674,202027588-0,2017-04-04
185,964,102320792-3,2015-09-06
186,443,848917041-X,2016-10-09
187,395,078882089-3,2016-04-21
188,195,125586362-5,2015-01-03
189,861,772450618-3,2015-01-20
190,348,938793238-9,2017-04-26
191,381,627691991-8,2015-10-20
192,74,005041631-6,2015-07-24
193,201,085245076-1,2015-03-14
194,567,811180747-3,2016-06-22
195,628,170248579-X,2016-12-07
196,819,427568800-7,2015-04-15
197,15,085316161-5,2017-04-06
198,686,383094883-2,2017-04-26
199,267,028014422-9,2017-02-27
200,996,726626866-4,2015-11-16
201,884,681302476-0,2015-12-16
202,653,447021509-0,2016-07-04
203,410,129273422-1,2014-12-24
204,141,306142802-X,2016-06-23
205,205,920163687-3,2015-05-21
206,634,533197096-6,2015-05-09
207,949,800636553-9,2016-08-26
208,210,124605732-8,2015-11-25
209,323,588946835-9,2015-10-30
210,532,071201553-1,2015-03-19
211,141,594093553-2,2017-02-24
212,741,674543853-4,2017-06-16
213,896,344023925-X,2015-10-04
214,350,567205329-7,2017-03-15
215,568,481820284-3,2016-06-07
216,393,608571568-4,2016-01-13
217,899,661785363-6,2016-03-08
218,665,833067399-5,2016-02-07
219,333,078853171-9,2014-12-07
220,44,510232820-4,2017-04-28
221,354,864515925-2,2016-07-28
222,823,197398242-0,2015-01-15
223,988,739591896-7,2015-04-17
224,657,849616047-5,2016-06-27
225,896,102047067-4,2015-02-04
226,490,571636860-3,2015-03-05
227,790,532754660-8,2016-06-04
228,958,368434856-2,2015-11-11
229,323,633439056-2,2016-11-17
230,31,564968778-1,2015-03-01
231,336,927392352-6,2016-02-29
232,45,509168246-5,2016-09-29
233,977,775499983-8,2015-05-14
234,312,237129189-7,2017-04-08
235,363,419315514-5,2017-07-21
236,408,839523787-1,2016-04-21
237,283,732132688-8,2015-12-16
238,299,057323642-9,2016-02-04
239,607,465259761-4,2017-03-18
240,746,581487103-2,2015-12-17
241,145,345864867-4,2017-06-19
242,834,893609666-4,2015-02-11
243,94,593392849-6,2015-06-08
244,397,062696547-0,2017-01-06
245,259,605573118-5,2015-09-30
246,480,968372514-7,2016-03-04
247,887,793796702-1,2017-03-24
248,666,156401120-8,2015-09-17
249,919,053896689-0,2017-06-02
250,204,882318984-5,2015-08-17
251,450,894889394-7,2015-02-05
252,283,521411598-9,2015-12-08
253,666,527066633-2,2016-06-09
254,295,638320907-8,2015-04-15
255,309,784647867-2,2015-07-27
256,803,317946275-2,2017-02-11
257,804,927075241-0,2015-05-22
258,244,267042355-8,2016-11-13
259,743,228712383-0,2015-12-16
260,930,582891244-5,2017-01-16
261,177,637928682-9,2017-01-25
262,483,813838714-9,2016-11-07
263,705,607501329-6,2017-05-26
264,382,457044641-8,2016-11-04
265,52,977364558-4,2017-01-31
266,982,723979535-7,2016-05-30
267,290,714071320-0,2016-05-10
268,323,326521758-2,2016-06-01
269,389,195885977-X,2016-09-23
270,304,683143729-X,2017-06-27
271,270,402119636-6,2017-02-10
272,618,514460558-3,2017-04-18
273,549,316061521-9,2016-07-26
274,330,937964668-2,2016-03-18
275,92,804979336-2,2016-05-06
276,757,514998438-8,2015-04-27
277,2,368747774-6,2015-12-29
278,555,401829387-9,2015-05-02
279,883,846794315-7,2016-05-07
280,130,295336454-4,2016-11-07
281,341,813305837-6,2016-12-28
282,99,608872052-2,2015-08-07
283,793,324802610-3,2016-09-19
284,159,797141349-1,2016-04-13
285,550,937521909-7,2016-04-05
286,821,790081652-6,2015-01-11
287,117,610594039-4,2015-04-22
288,954,030687206-4,2014-12-18
289,863,640503916-1,2016-04-18
290,891,040086151-8,2016-05-11
291,867,775268158-X,2015-09-06
292,186,208483564-X,2016-06-10
293,820,699114399-5,2016-11-28
294,564,411821893-3,2016-06-12
295,464,575752868-0,2017-06-05
296,769,693797131-1,2016-01-31
297,799,478609092-1,2016-08-20
298,488,580739278-7,2014-12-03
299,776,392713284-5,2016-10-23
300,866,052582932-6,2017-04-19
301,682,805549743-5,2016-03-03
302,753,866900189-6,2016-09-30
303,384,620578861-6,2015-06-28
304,332,388854889-6,2017-05-24
305,81,684388923-9,2016-08-25
306,550,135577328-8,2016-11-14
307,259,995964580-0,2016-09-20
308,194,888322783-2,2016-05-24
309,385,149026731-X,2016-08-02
310,690,793716482-4,2015-03-30
311,181,758877434-7,2016-02-09
312,24,133817038-4,2017-01-15
313,429,277314446-5,2017-02-23
314,30,121543557-6,2015-10-05
315,413,340362193-6,2016-03-18
316,784,682327340-2,2016-05-20
317,808,277492579-7,2016-06-29
318,425,126258926-6,2015-12-20
319,84,574491122-7,2016-10-04
320,825,235174506-X,2015-08-26
321,501,808645042-2,2016-12-04
322,676,303714315-0,2016-06-11
323,361,213610073-4,2014-11-25
324,726,828936358-3,2016-09-13
325,37,320567571-1,2016-02-11
326,766,086466408-7,2016-10-06
327,677,565468639-9,2015-10-24
328,736,447160777-4,2015-08-14
329,65,095578789-0,2014-12-27
330,572,617148209-9,2016-06-02
331,935,706329935-2,2014-11-25
332,132,375660077-7,2017-04-30
333,619,369490411-5,2015-11-24
334,14,606325576-1,2016-08-20
335,621,094147448-8,2017-01-31
336,519,189560634-9,2016-01-29
337,831,712127166-4,2017-07-14
338,272,073437511-5,2016-10-24
339,299,822666367-9,2017-07-24
340,531,226158697-3,2015-11-09
341,134,465392360-4,2014-12-24
342,524,564643376-2,2017-06-26
343,367,726598187-1,2015-02-15
344,664,026336023-7,2015-03-31
345,694,545069101-7,2017-06-08
346,73,033025167-8,2016-04-29
347,394,422342828-4,2016-03-23
348,445,675533050-7,2015-03-04
349,790,654464056-5,2017-02-09
350,379,201969272-4,2015-01-18
351,545,083492905-8,2015-05-21
352,68,352160096-3,2015-01-13
353,976,137652441-4,2016-02-07
354,681,467830940-3,2015-04-08
355,257,895819563-0,2015-10-23
356,758,731844175-2,2015-11-18
357,9,641362136-2,2015-03-02
358,15,231149599-2,2017-05-15
359,318,307927064-9,2017-05-18
360,874,698444702-X,2016-03-30
361,649,771737724-1,2017-03-29
362,181,882757237-6,2015-03-18
363,722,061042558-7,2015-04-24
364,150,909853632-8,2015-08-30
365,795,335433116-X,2016-05-21
366,666,039410267-3,2016-07-07
367,335,490863557-9,2015-11-11
368,799,918110712-9,2015-03-14
369,458,718854291-0,2017-05-23
370,306,167802502-X,2015-09-12
371,441,477196511-0,2015-01-14
372,129,846449124-7,2016-08-28
373,466,909901268-3,2016-02-18
374,222,541569392-0,2017-05-03
375,919,224860073-9,2015-07-22
376,483,732777502-1,2016-11-13
377,707,259862948-5,2015-01-20
378,37,278956554-6,2016-11-06
379,883,854902320-5,2015-07-24
380,565,053136261-2,2015-04-28
381,851,131997046-X,2016-05-05
382,574,399667287-X,2017-04-07
383,695,234953287-9,2014-11-16
384,1000,359568324-2,2015-07-26
385,30,643910242-7,2017-06-18
386,463,443503141-8,2015-05-11
387,120,833537230-6,2016-10-14
388,73,569406285-X,2017-04-16
389,156,033284200-2,2015-10-29
390,435,867357220-7,2016-04-27
391,141,163725435-0,2015-09-26
392,17,667315250-8,2015-01-09
393,237,493703381-6,2017-05-14
394,585,966859046-5,2015-12-06
395,684,570349434-6,2015-03-26
396,276,438755010-4,2016-01-29
397,379,789678328-2,2016-04-14
398,27,325939851-1,2016-12-02
399,785,475698582-3,2017-01-06
400,692,534481906-4,2017-03-19
401,545,765647830-2,2015-08-29
402,534,330647091-0,2017-04-06
403,248,575705555-3,2015-12-20
404,263,435082839-7,2015-12-28
405,669,791502859-6,2016-01-23
406,590,438525487-7,2014-11-30
407,959,579112652-2,2017-03-25
408,668,004256487-5,2014-12-05
409,398,285131500-5,2017-06-12
410,855,652998185-3,2015-07-09
411,466,795571477-6,2015-01-22
412,367,120829449-0,2016-07-17
413,447,578027394-4,2016-05-21
414,975,732224464-8,2016-08-05
415,33,060591559-8,2017-05-21
416,375,931295345-1,2015-04-26
417,49,399887809-2,2016-01-08
418,775,796203424-6,2016-11-27
419,756,661199123-9,2016-04-19
420,762,656084843-4,2017-05-30
421,536,123405764-6,2016-01-16
422,471,088394860-5,2016-04-08
423,550,686827024-0,2015-09-30
424,213,222189115-5,2016-07-21
425,930,357455404-4,2017-01-02
426,355,192775816-5,2016-08-31
427,323,225054696-7,2016-09-09
428,493,235531037-8,2015-09-01
429,287,468649562-8,2016-02-20
430,862,563824287-2,2017-07-02
431,237,114393983-2,2016-06-30
432,867,197454528-8,2017-04-26
433,399,039658174-9,2015-10-14
434,547,208974920-2,2017-06-25
435,759,863852466-8,2016-01-16
436,879,097854739-X,2016-11-22
437,222,930371914-X,2016-08-10
438,974,076301544-X,2016-03-21
439,406,677725983-X,2015-09-09
440,185,339941397-1,2016-04-17
441,882,480090572-9,2017-01-25
442,686,988958416-6,2016-02-02
443,445,208769358-7,2017-05-18
444,203,616224309-5,2016-05-19
445,191,890211390-6,2016-01-31
446,240,285585630-2,2016-01-22
447,815,984331682-7,2015-12-10
448,43,799078262-6,2016-03-12
449,128,747860185-5,2015-10-08
450,36,208859466-3,2016-12-20
451,595,413497358-9,2014-11-18
452,5,986237450-0,2015-07-27
453,278,852394607-1,2016-12-05
454,375,502951585-2,2016-08-02
455,216,277521375-8,2017-01-27
456,43,424421766-5,2015-11-01
457,264,426064689-3,2016-06-13
458,84,922772673-X,2015-12-15
459,133,127489425-5,2015-03-10
460,889,103814822-7,2016-04-30
461,346,863081772-0,2017-08-03
462,559,958182270-4,2015-07-27
463,56,948805094-2,2016-12-18
464,254,439355612-7,2014-12-19
465,54,580642950-4,2015-01-16
466,923,279679772-4,2016-12-11
467,474,379238127-3,2017-03-15
468,801,057239622-8,2016-07-13
469,576,302003974-6,2016-03-05
470,662,529469481-6,2017-05-22
471,689,151969495-4,2015-12-01
472,890,161354106-6,2016-07-26
473,108,295252558-7,2015-04-30
474,465,120712288-2,2017-02-17
475,672,831663813-4,2016-07-25
476,945,147290087-1,2016-10-16
477,653,051447419-X,2017-07-25
478,754,685872077-4,2016-04-14
479,796,859603089-1,2017-05-26
480,126,197867315-9,2016-10-02
481,209,825691507-2,2017-06-11
482,78,051924873-2,2015-05-06
483,414,586984987-X,2015-01-05
484,282,640759980-6,2016-03-10
485,26,845587579-8,2017-07-11
486,132,005176672-8,2016-07-10
487,517,474633925-2,2015-02-13
488,507,805712348-6,2016-10-20
489,156,605262629-1,2016-09-01
490,882,224032846-0,2015-08-16
491,234,774589913-3,2016-06-06
492,575,706598654-3,2016-12-22
493,558,878292982-3,2016-03-31
494,474,642298147-3,2016-12-01
495,395,528764706-9,2015-06-11
496,952,481648890-1,2015-09-19
497,116,039785374-2,2016-02-22
498,430,491585638-0,2017-07-28
499,141,527659840-1,2015-03-15
500,820,946129940-0,2016-11-18
501,657,044070373-5,2017-02-01
502,890,145106154-4,2016-07-26
503,267,233234656-2,2015-09-03
504,681,141124477-X,2017-01-14
505,416,752410784-6,2015-06-30
506,315,748644447-X,2017-03-29
507,231,532977024-6,2017-02-27
508,918,998104302-8,2015-04-12
509,849,121857044-X,2015-06-01
510,108,618447479-0,2016-07-30
511,188,822594842-4,2016-02-22
512,666,986456765-9,2015-11-23
513,327,610479133-6,2016-07-31
514,949,225411944-3,2016-04-01
515,691,747041988-8,2016-03-18
516,762,312184592-6,2015-04-23
517,966,827426431-2,2015-10-12
518,983,422478844-6,2016-12-21
519,334,628746385-6,2017-03-13
520,662,024306832-8,2015-02-11
521,249,796157061-6,2016-04-18
522,271,350163763-2,2015-12-16
523,966,243533224-6,2016-10-31
524,413,467367933-4,2015-03-03
525,612,338135831-6,2016-03-15
526,603,454549613-X,2016-10-02
527,195,831564629-X,2017-01-15
528,239,783007043-1,2016-11-14
529,379,299968701-X,2015-04-07
530,709,385662650-6,2016-06-02
531,351,818654610-3,2017-06-12
532,866,811569577-7,2015-11-01
533,966,812851370-2,2015-12-08
534,940,845032732-6,2016-11-07
535,143,645386042-2,2016-02-01
536,268,029135245-6,2016-08-28
537,684,590290991-0,2017-05-25
538,728,115581606-4,2016-03-01
539,787,177645967-9,2015-08-15
540,40,780632911-0,2015-04-01
541,568,188752447-9,2015-03-23
542,872,525497093-6,2014-12-31
543,417,929158115-1,2016-04-07
544,35,020870080-3,2016-02-27
545,707,802407359-5,2016-08-22
546,771,355413435-X,2017-03-29
547,854,077789681-8,2016-12-11
548,282,561047148-6,2016-06-19
549,443,025229166-2,2017-03-22
550,91,285645020-2,2016-08-15
551,423,934644181-X,2017-07-09
552,359,054728021-1,2016-02-28
553,644,073028071-3,2015-12-25
554,948,172873322-7,2015-11-23
555,17,408945028-4,2015-04-04
556,985,625443663-9,2014-12-26
557,490,423300312-X,2016-06-06
558,921,880815378-9,2015-07-20
559,911,942791951-5,2015-09-28
560,954,355557213-X,2014-12-19
561,892,517622224-8,2016-02-26
562,551,146616137-X,2017-05-27
563,971,692730251-4,2017-04-11
564,566,614832480-6,2016-08-01
565,160,180994645-X,2015-03-11
566,74,322255489-7,2015-04-28
567,769,815940805-6,2017-04-10
568,904,710618190-0,2016-11-07
569,863,056851846-2,2017-02-20
570,851,328301643-7,2016-10-13
571,14,262406951-8,2017-02-09
572,6,552076078-0,2017-06-16
573,411,000321931-3,2016-06-13
574,838,818748263-X,2016-10-02
575,359,215413439-4,2017-01-06
576,646,383041536-2,2017-03-29
577,53,581018813-3,2016-08-22
578,652,988579690-8,2017-05-21
579,525,730442420-6,2016-04-20
580,502,904380882-2,2016-10-05
581,901,185245843-7,2017-03-13
582,631,477611966-8,2016-05-28
583,885,891651882-2,2016-04-11
584,519,881434136-2,2017-02-24
585,689,028731801-X,2016-04-16
586,863,111379980-3,2016-08-01
587,737,814265251-X,2016-01-12
588,963,899315274-8,2016-04-13
589,150,653778081-0,2016-02-24
590,847,988876095-5,2015-02-21
591,356,976039309-3,2015-09-26
592,32,934701118-5,2016-01-14
593,821,084137101-6,2016-02-29
594,422,751626218-8,2017-04-13
595,807,563754425-5,2017-02-27
596,563,438089710-9,2016-10-12
597,596,224786279-9,2016-11-24
598,285,315249975-2,2015-05-14
599,751,242493144-5,2017-05-23
600,548,608950605-2,2017-03-13
601,961,157024646-7,2017-01-17
602,33,610134186-0,2016-05-26
603,147,146285778-7,2016-05-27
604,412,483246893-6,2016-09-28
605,628,108614305-1,2015-11-10
606,189,879064537-5,2016-09-07
607,747,831580198-8,2016-01-10
608,838,852843616-0,2016-11-11
609,487,843292981-6,2016-10-25
610,589,066943086-2,2017-07-23
611,561,049665951-0,2015-12-31
612,480,902689851-7,2016-03-25
613,897,754407068-9,2016-06-12
614,914,659823409-3,2016-07-13
615,109,010593092-X,2017-05-28
616,31,453501536-8,2016-01-13
617,115,484808416-4,2016-03-24
618,14,961310073-3,2017-05-12
619,270,556612621-9,2015-12-26
620,243,853896677-4,2016-03-23
621,325,006070300-8,2015-12-15
622,272,369469847-7,2017-02-18
623,18,472545249-1,2015-08-14
624,83,417708958-3,2015-08-25
625,773,397656404-4,2017-01-10
626,592,570877550-5,2015-05-28
627,472,957498200-9,2015-04-19
628,365,517628979-2,2016-11-24
629,521,626731481-2,2015-03-20
630,398,206369548-2,2017-03-16
631,318,236549520-6,2016-11-29
632,744,894774547-2,2015-11-29
633,687,968421661-0,2016-06-14
634,437,041683935-5,2015-08-18
635,852,034776604-8,2015-03-11
636,605,117930891-3,2015-04-09
637,671,311144820-7,2016-03-29
638,630,854442322-1,2016-09-01
639,262,922695790-8,2015-01-05
640,671,054976066-0,2017-05-15
641,959,983923807-8,2016-05-22
642,971,634907553-6,2016-07-02
643,495,512872655-X,2016-06-11
644,435,248211326-1,2016-08-25
645,279,965505315-6,2017-01-16
646,649,425580355-2,2017-04-02
647,336,176433002-1,2017-06-22
648,598,016376810-2,2017-01-23
649,778,741244601-0,2016-07-31
650,596,774434636-X,2016-01-18
651,371,607814828-1,2017-01-14
652,58,263261559-3,2016-08-22
653,778,399925833-0,2016-06-24
654,73,138405173-2,2015-03-22
655,943,242258426-8,2016-09-25
656,961,829196658-3,2017-01-22
657,149,550936360-6,2015-04-20
658,493,900125911-1,2017-06-02
659,198,651911434-0,2016-03-05
660,199,806847637-7,2014-12-01
661,758,181626113-0,2014-12-09
662,367,792965250-5,2017-04-14
663,431,099603542-7,2016-11-29
664,303,400465603-6,2017-01-13
665,519,417676711-1,2015-12-05
666,730,927978754-3,2016-11-23
667,962,636941327-5,2016-02-05
668,184,739131058-1,2016-05-28
669,440,984449808-2,2016-06-28
670,343,295321945-5,2015-08-24
671,186,969516193-6,2017-05-26
672,189,285062105-6,2016-06-22
673,385,094002260-5,2015-07-13
674,487,656502123-6,2014-11-24
675,21,691751219-2,2015-12-15
676,714,080836241-0,2016-12-10
677,955,224025692-3,2014-12-06
678,288,254098283-2,2017-03-09
679,266,246711753-7,2015-12-09
680,355,435096219-0,2015-11-08
681,988,397683493-9,2015-08-02
682,946,620427327-2,2015-08-06
683,403,855941859-8,2015-03-05
684,495,840919191-1,2015-12-04
685,892,413474913-1,2016-05-06
686,670,107564621-9,2015-02-12
687,957,570934055-3,2017-02-01
688,162,164557800-3,2016-05-01
689,658,940142015-7,2016-09-07
690,756,856732945-0,2015-02-21
691,887,192564710-2,2017-04-29
692,894,864890304-1,2017-03-12
693,49,823137049-8,2015-08-31
694,64,858725033-7,2016-07-15
695,521,338476145-6,2015-12-30
696,992,066055829-7,2014-11-18
697,933,723282829-2,2017-05-22
698,143,451314727-X,2015-04-07
699,817,248543895-1,2016-08-29
700,561,263102617-9,2015-10-12
701,37,489762067-8,2017-03-14
702,527,110674181-1,2015-10-27
703,352,231795380-1,2015-01-18
704,347,394576153-0,2017-06-08
705,181,576933664-1,2015-06-12
706,923,217656851-6,2017-03-30
707,557,621290830-3,2017-06-06
708,583,947770726-0,2017-06-06
709,43,691614776-8,2015-06-28
710,428,086094069-1,2015-11-02
711,127,339956984-X,2015-12-14
712,616,860826654-7,2016-01-04
713,500,472567361-7,2016-01-03
714,184,580024103-1,2016-05-23
715,620,669490495-9,2017-03-31
716,355,344723128-9,2016-02-17
717,574,949068622-0,2016-03-12
718,45,911573031-X,2015-02-24
719,48,712002963-0,2017-03-12
720,197,123316579-8,2015-10-18
721,425,161531268-4,2015-07-09
722,816,333389273-1,2015-07-23
723,18,742254086-9,2015-10-19
724,433,432654983-1,2015-07-31
725,723,164620111-6,2015-11-20
726,771,356048537-1,2016-07-28
727,99,042404951-1,2015-07-28
728,773,072982390-3,2015-06-21
729,944,206086863-7,2016-03-16
730,228,022022974-0,2017-01-01
731,221,945724348-X,2014-12-09
732,958,967545588-8,2015-08-20
733,654,089623446-0,2017-03-29
734,625,808565785-6,2017-05-30
735,290,766042026-7,2015-01-23
736,480,523929528-X,2015-08-21
737,363,697114183-0,2015-01-16
738,826,319313926-2,2017-06-29
739,43,587040354-5,2015-12-01
740,789,269384992-6,2015-02-10
741,469,333301109-3,2016-10-31
742,338,280254695-3,2015-01-05
743,806,018521367-7,2016-04-26
744,458,826746416-6,2015-12-13
745,667,964278914-0,2016-06-10
746,758,876958556-3,2016-11-05
747,87,847822512-9,2015-11-17
748,775,304675956-8,2017-01-27
749,676,074141643-3,2014-12-06
750,947,235638674-2,2015-01-16
751,888,181022197-8,2015-08-31
752,591,084454429-9,2016-09-27
753,38,833552283-9,2016-06-26
754,377,600241887-3,2016-03-06
755,990,932263088-4,2016-02-23
756,769,745811106-2,2016-08-17
757,923,869169248-0,2017-02-22
758,912,301489028-6,2016-08-22
759,12,013091022-8,2016-11-06
760,617,888977245-X,2015-03-12
761,887,365213902-X,2015-08-24
762,874,779914532-3,2016-07-10
763,112,758701283-4,2015-02-20
764,89,263787463-5,2017-01-23
765,590,187816530-5,2016-05-16
766,962,853577957-4,2015-04-04
767,775,505430720-6,2014-11-18
768,9,346351702-7,2017-01-01
769,9,216282894-4,2016-11-11
770,231,444087876-8,2015-07-25
771,416,234322180-4,2015-03-08
772,220,231700184-3,2016-04-18
773,520,837038139-1,2016-06-02
774,128,967000216-8,2015-08-02
775,969,441296358-6,2016-09-02
776,331,554381392-9,2015-06-06
777,139,798112085-3,2016-07-11
778,143,878320577-2,2017-04-09
779,155,538373240-3,2016-01-09
780,824,421920691-4,2017-07-21
781,24,929377951-X,2017-03-16
782,934,962058544-5,2015-02-19
783,718,748131295-8,2014-12-23
784,546,293223093-X,2017-04-18
785,492,959940225-1,2016-11-11
786,491,959770037-9,2017-03-02
787,228,185098466-2,2017-04-01
788,553,596367656-8,2015-11-12
789,428,137257606-1,2016-04-01
790,791,973063689-3,2016-06-23
791,705,162117595-2,2015-07-26
792,919,652185709-6,2015-07-23
793,793,875353688-6,2014-12-22
794,742,150404506-8,2016-07-29
795,653,256291912-2,2017-07-16
796,335,069984939-X,2016-03-01
797,889,623199946-7,2015-05-03
798,306,775507498-6,2016-08-21
799,659,333797753-7,2016-04-10
800,151,109565612-0,2015-06-01
801,873,211167458-3,2016-04-16
802,781,737326078-0,2017-06-12
803,228,937283129-8,2017-01-26
804,893,656100579-1,2015-04-15
805,362,489750250-0,2015-02-17
806,843,791958061-7,2017-07-14
807,386,132338671-8,2016-11-17
808,373,610874408-1,2015-03-05
809,204,230512102-4,2017-06-15
810,523,331963031-8,2015-12-08
811,418,653348777-9,2016-08-14
812,277,940389837-2,2016-12-05
813,96,436952026-6,2016-03-07
814,356,615283090-7,2016-10-01
815,748,839779234-1,2017-04-04
816,785,738806015-4,2016-08-10
817,140,895438672-5,2015-09-12
818,796,863881276-0,2014-12-03
819,575,891813588-2,2017-04-14
820,585,560755465-1,2016-11-26
821,25,264282694-5,2017-04-11
822,606,852785380-9,2017-01-08
823,708,840504031-5,2016-11-13
824,586,600203952-X,2017-03-20
825,225,684478047-8,2015-11-14
826,497,539092909-8,2017-06-03
827,410,003804680-6,2017-05-31
828,364,172524155-2,2017-01-10
829,172,393219347-4,2017-03-15
830,559,673038687-8,2015-03-29
831,112,960241970-9,2017-04-15
832,858,745640114-4,2017-06-29
833,502,682132958-3,2015-05-28
834,425,396395623-2,2016-06-06
835,953,184771219-3,2016-11-09
836,122,382333053-5,2014-12-17
837,786,438109510-3,2016-08-27
838,450,937932876-1,2014-12-25
839,328,755109549-7,2016-07-04
840,992,449015452-6,2015-09-04
841,826,263997844-6,2016-11-21
842,889,006145516-4,2015-06-28
843,949,412587837-4,2015-10-21
844,84,443535259-1,2016-08-16
845,624,623287967-8,2015-09-23
846,166,834343621-0,2017-01-31
847,576,488758666-3,2015-07-29
848,753,027310464-0,2015-03-15
849,758,878111284-X,2017-03-03
850,919,771112125-3,2016-03-24
851,95,587055930-8,2015-06-29
852,426,081416776-4,2015-12-07
853,461,915463534-9,2015-04-29
854,65,613070404-6,2016-12-14
855,124,703855025-X,2017-01-19
856,115,181589162-9,2015-08-13
857,650,677380811-1,2015-09-19
858,835,618378791-4,2016-01-07
859,558,698971564-2,2015-04-28
860,357,697218411-8,2016-11-22
861,716,568054785-6,2016-03-26
862,800,013459965-9,2015-09-18
863,61,623152275-X,2016-10-27
864,41,247086034-2,2014-12-29
865,802,300953518-X,2017-03-08
866,604,314858948-3,2015-08-05
867,433,407105188-4,2017-06-27
868,535,040312088-8,2015-01-16
869,59,274325097-6,2017-03-26
870,812,957699610-4,2015-07-01
871,819,636849010-1,2015-08-15
872,716,156839377-6,2015-04-02
873,302,786420612-3,2015-05-31
874,274,295398354-6,2015-10-23
875,745,984645809-6,2014-11-17
876,225,336549568-1,2015-09-13
877,570,566955970-3,2017-07-18
878,367,638344835-8,2017-07-03
879,317,632732331-6,2014-12-29
880,646,913379856-7,2016-04-06
881,618,230102914-X,2015-08-27
882,208,693879194-5,2016-06-29
883,998,190078045-3,2015-01-01
884,74,316904878-3,2016-03-20
885,272,555309346-5,2015-03-13
886,920,612636313-2,2016-04-30
887,837,823568779-8,2015-07-08
888,369,928640082-9,2017-05-26
889,486,462890101-5,2015-02-12
890,617,711132452-8,2016-02-27
891,105,199609456-4,2017-06-23
892,41,542557290-5,2016-01-08
893,683,049562726-7,2015-08-25
894,686,035203353-3,2016-11-06
895,4,073928779-6,2017-05-17
896,905,934842763-6,2016-07-24
897,687,063493587-9,2015-02-25
898,31,367332664-3,2016-08-23
899,48,374059052-1,2017-07-23
900,660,705505288-2,2015-07-28
901,971,875035043-9,2015-05-08
902,233,600559066-9,2016-09-12
903,549,034970927-0,2016-04-16
904,224,063259828-X,2016-08-11
905,413,381359435-1,2015-07-02
906,110,964784369-0,2015-06-29
907,41,223219032-3,2015-10-27
908,585,963666132-4,2015-06-23
909,636,392750982-5,2017-06-27
910,253,061131597-1,2016-10-16
911,811,232434196-4,2017-02-12
912,296,477693778-6,2015-03-19
913,47,437608461-1,2017-03-02
914,176,136890527-7,2016-03-16
915,978,111490346-9,2016-04-18
916,224,447785684-9,2017-04-25
917,80,821163520-8,2016-06-01
918,707,676308047-6,2017-03-25
919,468,046659539-5,2014-12-11
920,865,064080695-3,2017-05-01
921,376,679443450-4,2016-03-28
922,31,094620408-X,2016-08-12
923,411,487806822-1,2016-12-08
924,390,505733965-6,2015-08-31
925,185,499421323-2,2017-01-04
926,126,383884292-8,2017-07-28
927,553,035586566-1,2016-03-19
928,716,049320964-6,2014-12-23
929,550,569262399-4,2016-10-09
930,782,279975601-8,2017-07-20
931,498,706601189-9,2016-08-29
932,583,378516618-4,2015-06-02
933,161,244772724-0,2016-09-11
934,106,481909897-7,2017-02-07
935,289,555155720-0,2015-02-10
936,669,971989492-X,2016-09-15
937,738,613563512-3,2016-03-28
938,507,234205245-6,2015-09-06
939,2,370080778-3,2017-04-20
940,488,086069838-6,2017-05-16
941,41,655492112-5,2016-04-05
942,543,049171939-6,2016-09-03
943,603,104403881-0,2015-08-20
944,860,602615660-7,2015-01-19
945,503,362684099-9,2016-07-17
946,292,228242977-X,2014-11-20
947,295,387932755-6,2016-04-11
948,449,116001946-0,2017-03-28
949,969,699310018-5,2015-10-17
950,967,786633796-9,2015-05-24
951,608,654678376-2,2016-03-06
952,832,155732991-5,2015-09-26
953,476,144599326-0,2015-07-11
954,775,177956523-2,2015-07-20
955,495,979918504-1,2017-06-30
956,583,064686102-6,2016-04-11
957,468,890015931-3,2016-02-01
958,419,482386621-5,2016-05-25
959,461,799375293-0,2016-03-13
960,619,658829161-2,2014-11-29
961,987,959076233-6,2017-03-30
962,559,691008363-6,2017-03-31
963,541,226732723-6,2017-07-06
964,107,202096046-X,2016-09-26
965,683,675737484-6,2017-07-02
966,52,173417580-X,2015-08-27
967,734,738943055-9,2016-04-17
968,653,702323082-3,2015-01-30
969,496,939546956-0,2015-05-04
970,673,438839296-0,2017-03-28
971,426,085933741-3,2015-06-25
972,770,457314332-7,2015-12-15
973,474,546924285-4,2016-10-02
974,168,800986679-2,2015-06-30
975,679,628833109-0,2015-12-04
976,407,549245827-2,2016-08-05
977,123,786156736-2,2014-12-20
978,549,114400947-2,2016-03-03
979,218,922922141-4,2015-10-22
980,994,790216370-8,2016-02-15
981,810,836474503-4,2016-07-16
982,718,058159776-1,2016-10-23
983,163,021190589-5,2016-03-23
984,557,445806214-X,2016-10-16
985,473,480172880-4,2014-11-20
986,870,014660525-X,2017-01-12
987,596,532746770-8,2017-07-24
988,483,531693492-X,2015-02-25
989,537,821779094-9,2015-08-17
990,122,430965820-2,2015-02-16
991,32,068899656-6,2017-05-20
992,900,161613134-9,2016-04-24
993,512,694422046-6,2015-12-28
994,512,070695076-3,2015-05-09
995,447,403464291-2,2015-08-07
996,282,365337821-4,2016-10-18
997,39,443871113-4,2014-11-23
998,905,091492533-4,2015-06-06
999,72,881914593-6,2015-03-26
1000,425,890377475-2,2016-06-28
